Date,USD Index,Interest Rate,Yield Spread
2014-06-30,79.77999877929688,0.09,2.06
2014-07-01,79.81999969482422,0.09,2.11
2014-07-02,79.95999908447266,0.09,2.15
2014-07-03,80.20999908447266,0.09,2.13
2014-07-07,80.22000122070312,0.09,2.11
2014-07-08,80.18000030517578,0.09,2.07
2014-07-09,79.98999786376953,0.09,2.06
2014-07-10,80.12999725341797,0.09,2.09
2014-07-11,80.19000244140625,0.09,2.05
2014-07-14,80.19000244140625,0.09,2.07
2014-07-15,80.38999938964844,0.09,2.07
2014-07-16,80.55999755859375,0.09,2.05
2014-07-17,80.5199966430664,0.09,2.0
2014-07-18,80.5199966430664,0.09,1.99
2014-07-21,80.55999755859375,0.09,1.98
2014-07-22,80.77999877929688,0.09,1.99
2014-07-23,80.80999755859375,0.09,1.98
2014-07-24,80.87000274658203,0.09,1.99
2014-07-25,81.02999877929688,0.09,1.95
2014-07-28,81.02999877929688,0.09,1.96
2014-07-29,81.20999908447266,0.09,1.93
2014-07-30,81.41999816894531,0.09,2.01
2014-07-31,81.45999908447266,0.09,2.05
2014-08-01,81.30000305175781,0.09,2.05
2014-08-04,81.33000183105469,0.09,2.04
2014-08-05,81.5199966430664,0.09,2.02
2014-08-06,81.44000244140625,0.09,2.01
2014-08-07,81.5199966430664,0.09,1.99
2014-08-08,81.38999938964844,0.09,1.99
2014-08-11,81.47000122070312,0.09,1.97
2014-08-12,81.5,0.09,2.01
2014-08-13,81.5999984741211,0.09,2.0
2014-08-14,81.58999633789062,0.09,1.98
2014-08-15,81.41999816894531,0.09,1.92
2014-08-18,81.58000183105469,0.09,1.95
2014-08-19,81.87999725341797,0.09,1.94
2014-08-20,82.25,0.09,1.94
2014-08-21,82.1500015258789,0.09,1.92
2014-08-22,82.33999633789062,0.09,1.87
2014-08-25,82.55000305175781,0.09,1.86
2014-08-26,82.6500015258789,0.09,1.87
2014-08-27,82.43000030517578,0.09,1.86
2014-08-28,82.4800033569336,0.09,1.84
2014-08-29,82.75,0.09,1.87
2014-09-02,82.98999786376953,0.09,1.89
2014-09-03,82.87000274658203,0.09,1.89
2014-09-04,83.81999969482422,0.09,1.91
2014-09-05,83.76000213623047,0.09,1.94
2014-09-08,84.2300033569336,0.09,1.94
2014-09-09,84.27999877929688,0.09,1.94
2014-09-10,84.25,0.09,1.96
2014-09-11,84.30000305175781,0.09,1.96
2014-09-12,84.23999786376953,0.09,2.04
2014-09-15,84.26000213623047,0.09,2.02
2014-09-16,84.06999969482422,0.09,2.05
2014-09-17,84.69999694824219,0.09,2.03
2014-09-18,84.31999969482422,0.09,2.04
2014-09-19,84.80000305175781,0.09,2.0
2014-09-22,84.66999816894531,0.09,1.99
2014-09-23,84.66000366210938,0.09,1.97
2014-09-24,85.05000305175781,0.09,1.98
2014-09-25,85.19999694824219,0.09,1.96
2014-09-26,85.63999938964844,0.09,1.95
2014-09-29,85.58999633789062,0.09,1.92
2014-09-30,85.94000244140625,0.09,1.94
2014-10-01,85.97000122070312,0.09,1.89
2014-10-02,85.5999984741211,0.09,1.91
2014-10-03,86.69000244140625,0.09,1.88
2014-10-06,85.70999908447266,0.09,1.89
2014-10-07,85.66999816894531,0.09,1.84
2014-10-08,85.30000305175781,0.09,1.89
2014-10-09,85.5199966430664,0.09,1.88
2014-10-10,85.91000366210938,0.09,1.86
2014-10-13,85.43000030517578,0.09,1.86
2014-10-14,85.81999969482422,0.09,1.82
2014-10-15,85.1500015258789,0.09,1.81
2014-10-16,85.0,0.09,1.82
2014-10-17,85.19000244140625,0.09,1.83
2014-10-20,84.94999694824219,0.09,1.83
2014-10-21,85.30999755859375,0.09,1.85
2014-10-22,85.73999786376953,0.09,1.84
2014-10-23,85.83999633789062,0.09,1.88
2014-10-24,85.7300033569336,0.09,1.88
2014-10-27,85.5,0.09,1.86
2014-10-28,85.41000366210938,0.09,1.88
2014-10-29,85.94999694824219,0.09,1.86
2014-10-30,86.1500015258789,0.09,1.84
2014-10-31,86.87999725341797,0.09,1.85
2014-11-03,87.30999755859375,0.09,1.84
2014-11-04,86.9800033569336,0.09,1.83
2014-11-05,87.44000244140625,0.09,1.84
2014-11-06,88.01000213623047,0.09,1.85
2014-11-07,87.63999938964844,0.09,1.81
2014-11-10,87.80999755859375,0.09,1.83
2014-11-11,87.52999877929688,0.09,1.83
2014-11-12,87.81999969482422,0.09,1.82
2014-11-13,87.66999816894531,0.09,1.82
2014-11-14,87.52999877929688,0.09,1.78
2014-11-17,87.93000030517578,0.09,1.8
2014-11-18,87.58000183105469,0.09,1.79
2014-11-19,87.6500015258789,0.09,1.82
2014-11-20,87.58999633789062,0.09,1.81
2014-11-21,88.30999755859375,0.09,1.78
2014-11-24,88.1500015258789,0.09,1.77
2014-11-25,87.91999816894531,0.09,1.76
2014-11-26,87.61000061035156,0.09,1.71
2014-11-28,88.36000061035156,0.09,1.71
2014-12-01,87.94999694824219,0.12,1.73
2014-12-02,88.6500015258789,0.12,1.73
2014-12-03,88.95999908447266,0.12,1.72
2014-12-04,88.69999694824219,0.12,1.7
2014-12-05,89.33000183105469,0.12,1.66
2014-12-08,89.04000091552734,0.12,1.62
2014-12-09,88.69000244140625,0.12,1.58
2014-12-10,88.2699966430664,0.12,1.59
2014-12-11,88.66000366210938,0.12,1.57
2014-12-12,88.36000061035156,0.12,1.54
2014-12-15,88.45999908447266,0.12,1.52
2014-12-16,88.12999725341797,0.12,1.49
2014-12-17,89.12999725341797,0.12,1.52
2014-12-18,89.23999786376953,0.12,1.55
2014-12-19,89.5999984741211,0.12,1.5
2014-12-22,89.7699966430664,0.12,1.46
2014-12-23,90.05999755859375,0.12,1.53
2014-12-24,89.97000122070312,0.12,1.54
2014-12-26,90.02999877929688,0.12,1.52
2014-12-29,90.19000244140624,0.12,1.5
2014-12-30,89.98999786376953,0.12,1.51
2014-12-31,90.2699966430664,0.12,1.5
2015-01-02,91.08000183105467,0.12,1.46
2015-01-05,91.37999725341795,0.12,1.36
2015-01-06,91.5,0.12,1.32
2015-01-07,91.88999938964844,0.12,1.34
2015-01-08,92.37000274658205,0.12,1.41
2015-01-09,91.94000244140624,0.12,1.39
2015-01-12,91.9800033569336,0.12,1.36
2015-01-13,92.30999755859376,0.12,1.37
2015-01-14,92.16000366210938,0.12,1.35
2015-01-15,92.3499984741211,0.12,1.33
2015-01-16,92.5199966430664,0.12,1.34
2015-01-20,93.0500030517578,0.12,1.29
2015-01-21,92.9000015258789,0.12,1.34
2015-01-22,94.23999786376952,0.12,1.37
2015-01-23,95.0,0.12,1.29
2015-01-26,94.8000030517578,0.12,1.29
2015-01-27,94.0199966430664,0.12,1.29
2015-01-28,94.47000122070312,0.12,1.23
2015-01-29,94.77999877929688,0.12,1.26
2015-01-30,94.8000030517578,0.12,1.21
2015-02-02,94.5,0.12,1.19
2015-02-03,93.5999984741211,0.12,1.27
2015-02-04,93.98999786376952,0.12,1.29
2015-02-05,94.6999969482422,0.12,1.31
2015-02-06,94.6999969482422,0.12,1.3
2015-02-09,94.4499969482422,0.12,1.31
2015-02-10,94.76000213623048,0.12,1.34
2015-02-11,94.98999786376952,0.12,1.33
2015-02-12,94.08999633789062,0.12,1.38
2015-02-13,94.1999969482422,0.12,1.36
2015-02-17,94.05999755859376,0.12,1.44
2015-02-18,94.1999969482422,0.12,1.45
2015-02-19,94.4000015258789,0.12,1.44
2015-02-20,94.25,0.12,1.46
2015-02-23,94.56999969482422,0.12,1.42
2015-02-24,94.48999786376952,0.12,1.39
2015-02-25,94.20999908447266,0.12,1.35
2015-02-26,95.29000091552734,0.12,1.37
2015-02-27,95.25,0.12,1.37
2015-03-02,95.45999908447266,0.12,1.42
2015-03-03,95.37999725341795,0.12,1.44
2015-03-04,95.97000122070312,0.12,1.46
2015-03-05,96.37999725341795,0.12,1.46
2015-03-06,97.62000274658205,0.12,1.51
2015-03-09,97.58999633789062,0.12,1.5
2015-03-10,98.62000274658205,0.12,1.44
2015-03-11,99.8000030517578,0.12,1.41
2015-03-12,99.1500015258789,0.12,1.43
2015-03-13,100.33000183105467,0.12,1.45
2015-03-16,99.5999984741211,0.12,1.44
2015-03-17,99.58999633789062,0.12,1.36
2015-03-18,98.5500030517578,0.12,1.36
2015-03-19,99.0999984741211,0.12,1.35
2015-03-20,97.91000366210938,0.12,1.33
2015-03-23,97.02999877929688,0.12,1.32
2015-03-24,97.19000244140624,0.12,1.3
2015-03-25,96.9800033569336,0.12,1.34
2015-03-26,97.44000244140624,0.12,1.4
2015-03-27,97.29000091552734,0.12,1.37
2015-03-30,97.9800033569336,0.12,1.38
2015-03-31,98.36000061035156,0.12,1.38
2015-04-01,98.19000244140624,0.12,1.32
2015-04-02,97.44000244140624,0.12,1.37
2015-04-06,97.11000061035156,0.12,1.41
2015-04-07,97.83000183105467,0.12,1.37
2015-04-08,98.06999969482422,0.12,1.38
2015-04-09,99.16000366210938,0.12,1.41
2015-04-10,99.38999938964844,0.12,1.39
2015-04-13,99.48999786376952,0.12,1.4
2015-04-14,98.76000213623048,0.12,1.37
2015-04-15,98.33000183105467,0.12,1.4
2015-04-16,97.41999816894533,0.12,1.4
2015-04-17,97.5199966430664,0.12,1.36
2015-04-20,97.94000244140624,0.12,1.35
2015-04-21,97.9800033569336,0.12,1.37
2015-04-22,98.0199966430664,0.12,1.42
2015-04-23,97.27999877929688,0.12,1.41
2015-04-24,96.91999816894533,0.12,1.39
2015-04-27,96.7699966430664,0.12,1.4
2015-04-28,96.08999633789062,0.12,1.44
2015-04-29,95.12000274658205,0.12,1.5
2015-04-30,94.5999984741211,0.12,1.47
2015-05-01,95.3000030517578,0.12,1.52
2015-05-04,95.4800033569336,0.12,1.56
2015-05-05,95.12999725341795,0.12,1.57
2015-05-06,94.12999725341795,0.12,1.6
2015-05-07,94.62000274658205,0.12,1.55
2015-05-08,94.79000091552734,0.12,1.57
2015-05-11,95.01000213623048,0.12,1.66
2015-05-12,94.52999877929688,0.12,1.67
2015-05-13,93.62000274658205,0.12,1.68
2015-05-14,93.36000061035156,0.12,1.67
2015-05-15,93.13999938964844,0.12,1.59
2015-05-18,94.19000244140624,0.12,1.65
2015-05-19,95.2699966430664,0.12,1.64
2015-05-20,95.4499969482422,0.12,1.66
2015-05-21,95.26000213623048,0.12,1.59
2015-05-22,96.01000213623048,0.12,1.57
2015-05-26,97.3000030517578,0.12,1.5
2015-05-27,97.37000274658205,0.12,1.5
2015-05-28,96.97000122070312,0.12,1.51
2015-05-29,96.91000366210938,0.12,1.51
2015-06-01,97.38999938964844,0.13,1.55
2015-06-02,95.83999633789062,0.13,1.63
2015-06-03,95.47000122070312,0.13,1.69
2015-06-04,95.45999908447266,0.13,1.65
2015-06-05,96.30999755859376,0.13,1.68
2015-06-08,95.3000030517578,0.13,1.69
2015-06-09,95.16999816894533,0.13,1.7
2015-06-10,94.6500015258789,0.13,1.75
2015-06-11,94.9800033569336,0.13,1.66
2015-06-12,94.97000122070312,0.13,1.65
2015-06-15,94.80999755859376,0.13,1.64
2015-06-16,95.0,0.13,1.61
2015-06-17,94.3000030517578,0.13,1.65
2015-06-18,94.04000091552734,0.13,1.69
2015-06-19,94.08999633789062,0.13,1.61
2015-06-22,94.33000183105467,0.13,1.69
2015-06-23,95.43000030517578,0.13,1.72
2015-06-24,95.26000213623048,0.13,1.7
2015-06-25,95.19000244140624,0.13,1.72
2015-06-26,95.47000122070312,0.13,1.77
2015-06-29,94.79000091552734,0.13,1.69
2015-06-30,95.48999786376952,0.13,1.71
2015-07-01,96.30999755859376,0.13,1.74
2015-07-02,96.11000061035156,0.13,1.76
2015-07-06,96.3000030517578,0.13,1.7
2015-07-07,96.87000274658205,0.13,1.69
2015-07-08,96.29000091552734,0.13,1.67
2015-07-09,96.61000061035156,0.13,1.72
2015-07-10,96.02999877929688,0.13,1.77
2015-07-13,96.86000061035156,0.13,1.75
2015-07-14,96.63999938964844,0.13,1.75
2015-07-15,97.12999725341795,0.13,1.72
2015-07-16,97.66000366210938,0.13,1.69
2015-07-17,97.86000061035156,0.13,1.66
2015-07-20,98.02999877929688,0.13,1.67
2015-07-21,97.33000183105467,0.13,1.64
2015-07-22,97.5999984741211,0.13,1.58
2015-07-23,97.12000274658205,0.13,1.57
2015-07-24,97.23999786376952,0.13,1.57
2015-07-27,96.5,0.13,1.55
2015-07-28,96.7699966430664,0.13,1.57
2015-07-29,96.9800033569336,0.13,1.59
2015-07-30,97.55999755859376,0.13,1.56
2015-07-31,97.37000274658205,0.13,1.53
2015-08-03,97.48999786376952,0.13,1.48
2015-08-04,97.93000030517578,0.13,1.49
2015-08-05,97.95999908447266,0.13,1.55
2015-08-06,97.83000183105467,0.13,1.52
2015-08-07,97.55999755859376,0.13,1.45
2015-08-10,97.16000366210938,0.13,1.51
2015-08-11,97.29000091552734,0.13,1.47
2015-08-12,96.26000213623048,0.13,1.47
2015-08-13,96.4499969482422,0.13,1.47
2015-08-14,96.56999969482422,0.13,1.47
2015-08-17,96.81999969482422,0.13,1.44
2015-08-18,96.97000122070312,0.13,1.46
2015-08-19,96.45999908447266,0.13,1.45
2015-08-20,95.75,0.13,1.4
2015-08-21,94.83000183105467,0.13,1.41
2015-08-24,93.30999755859376,0.13,1.42
2015-08-25,94.52999877929688,0.13,1.45
2015-08-26,95.0999984741211,0.13,1.51
2015-08-27,95.61000061035156,0.13,1.5
2015-08-28,96.11000061035156,0.13,1.47
2015-08-31,95.9499969482422,0.13,1.47
2015-09-01,95.4499969482422,0.14,1.47
2015-09-02,95.83000183105467,0.14,1.48
2015-09-03,96.41000366210938,0.14,1.47
2015-09-04,96.2300033569336,0.14,1.42
2015-09-08,95.87999725341795,0.14,1.46
2015-09-09,96.01000213623048,0.14,1.46
2015-09-10,95.45999908447266,0.14,1.48
2015-09-11,95.19000244140624,0.14,1.49
2015-09-14,95.25,0.14,1.45
2015-09-15,95.61000061035156,0.14,1.46
2015-09-16,95.41999816894533,0.14,1.48
2015-09-17,94.5500030517578,0.14,1.51
2015-09-18,94.86000061035156,0.14,1.44
2015-09-21,95.88999938964844,0.14,1.48
2015-09-22,96.27999877929688,0.14,1.45
2015-09-23,96.06999969482422,0.14,1.46
2015-09-24,95.98999786376952,0.14,1.46
2015-09-25,96.2699966430664,0.14,1.47
2015-09-28,96.02999877929688,0.14,1.43
2015-09-29,95.88999938964844,0.14,1.41
2015-09-30,96.3499984741211,0.14,1.42
2015-10-01,96.19000244140624,0.12,1.41
2015-10-02,95.83000183105467,0.12,1.41
2015-10-05,96.11000061035156,0.12,1.46
2015-10-06,95.45999908447266,0.12,1.44
2015-10-07,95.5,0.12,1.43
2015-10-08,95.31999969482422,0.12,1.47
2015-10-09,94.80999755859376,0.12,1.47
2015-10-12,94.83999633789062,0.12,1.47
2015-10-13,94.76000213623048,0.12,1.42
2015-10-14,93.93000030517578,0.12,1.42
2015-10-15,94.37000274658205,0.12,1.43
2015-10-16,94.54000091552734,0.12,1.43
2015-10-19,94.95999908447266,0.12,1.43
2015-10-20,94.8499984741211,0.12,1.42
2015-10-21,95.0500030517578,0.12,1.4
2015-10-22,96.33999633789062,0.12,1.43
2015-10-23,97.06999969482422,0.12,1.43
2015-10-26,96.86000061035156,0.12,1.41
2015-10-27,96.91000366210938,0.12,1.4
2015-10-28,97.77999877929688,0.12,1.37
2015-10-29,97.27999877929688,0.12,1.44
2015-10-30,96.9499969482422,0.12,1.41
2015-11-02,96.93000030517578,0.12,1.43
2015-11-03,97.16000366210938,0.12,1.43
2015-11-04,97.9499969482422,0.12,1.41
2015-11-05,97.94000244140624,0.12,1.41
2015-11-06,99.16000366210938,0.12,1.44
2015-11-09,98.9800033569336,0.12,1.47
2015-11-10,99.29000091552734,0.12,1.45
2015-11-11,99.01000213623048,0.12,1.45
2015-11-12,98.6500015258789,0.12,1.43
2015-11-13,98.98999786376952,0.12,1.42
2015-11-16,99.44000244140624,0.12,1.39
2015-11-17,99.62999725341795,0.12,1.39
2015-11-18,99.6500015258789,0.12,1.37
2015-11-19,98.98999786376952,0.12,1.33
2015-11-20,99.56999969482422,0.12,1.33
2015-11-23,99.8000030517578,0.12,1.31
2015-11-24,99.52999877929688,0.12,1.31
2015-11-25,99.8000030517578,0.12,1.3
2015-11-27,100.0199966430664,0.12,1.3
2015-11-30,100.16999816894533,0.12,1.27
2015-12-01,99.8000030517578,0.24,1.24
2015-12-02,99.98999786376952,0.24,1.24
2015-12-03,97.62000274658205,0.24,1.37
2015-12-04,98.3499984741211,0.24,1.32
2015-12-07,98.66000366210938,0.24,1.29
2015-12-08,98.47000122070312,0.24,1.3
2015-12-09,97.3499984741211,0.24,1.29
2015-12-10,97.94000244140624,0.24,1.29
2015-12-11,97.56999969482422,0.24,1.25
2015-12-14,97.5999984741211,0.24,1.26
2015-12-15,98.22000122070312,0.24,1.3
2015-12-16,97.87000274658205,0.24,1.28
2015-12-17,99.2699966430664,0.24,1.24
2015-12-18,98.6999969482422,0.24,1.22
2015-12-21,98.45999908447266,0.24,1.24
2015-12-22,98.23999786376952,0.24,1.25
2015-12-23,98.33999633789062,0.24,1.26
2015-12-24,97.9800033569336,0.24,1.22
2015-12-28,97.91999816894533,0.24,1.19
2015-12-29,98.0999984741211,0.24,1.23
2015-12-30,98.2699966430664,0.24,1.23
2015-12-31,98.62999725341795,0.24,1.21
2016-01-04,98.87000274658205,0.24,1.22
2016-01-05,99.4000015258789,0.24,1.21
2016-01-06,99.18000030517578,0.24,1.19
2016-01-07,98.22000122070312,0.24,1.2
2016-01-08,98.54000091552734,0.24,1.19
2016-01-11,98.7300033569336,0.24,1.23
2016-01-12,98.97000122070312,0.24,1.19
2016-01-13,98.93000030517578,0.24,1.17
2016-01-14,99.08999633789062,0.24,1.2
2016-01-15,98.95999908447266,0.24,1.18
2016-01-18,99.12000274658205,0.24,1.18
2016-01-19,98.98999786376952,0.24,1.18
2016-01-20,99.08999633789062,0.24,1.16
2016-01-21,99.05999755859376,0.24,1.18
2016-01-22,99.56999969482422,0.24,1.19
2016-01-25,99.36000061035156,0.24,1.15
2016-01-26,99.36000061035156,0.24,1.16
2016-01-27,98.9000015258789,0.24,1.18
2016-01-28,98.51000213623048,0.24,1.17
2016-01-29,99.61000061035156,0.24,1.18
2016-02-01,99.0,0.38,1.16
2016-02-02,98.87000274658205,0.38,1.12
2016-02-03,97.29000091552734,0.38,1.16
2016-02-04,96.47000122070312,0.38,1.17
2016-02-05,97.02999877929688,0.38,1.12
2016-02-08,96.56999969482422,0.38,1.09
2016-02-09,96.06999969482422,0.38,1.05
2016-02-10,95.88999938964844,0.38,1.0
2016-02-11,95.55999755859376,0.38,0.99
2016-02-12,95.9800033569336,0.38,1.03
2016-02-16,96.87000274658205,0.38,1.04
2016-02-17,96.79000091552734,0.38,1.07
2016-02-18,96.9499969482422,0.38,1.04
2016-02-19,96.5999984741211,0.38,1.0
2016-02-22,97.37999725341795,0.38,0.99
2016-02-23,97.4800033569336,0.38,0.98
2016-02-24,97.45999908447266,0.38,1.0
2016-02-25,97.29000091552734,0.38,0.99
2016-02-26,98.1500015258789,0.38,0.96
2016-02-29,98.20999908447266,0.38,0.96
2016-03-01,98.3499984741211,0.36,0.98
2016-03-02,98.20999908447266,0.36,0.99
2016-03-03,97.56999969482422,0.36,0.98
2016-03-04,97.33999633789062,0.36,1.0
2016-03-07,97.06999969482422,0.36,1.0
2016-03-08,97.20999908447266,0.36,0.95
2016-03-09,97.16999816894533,0.36,1.0
2016-03-10,96.06999969482422,0.36,1.0
2016-03-11,96.16999816894533,0.36,1.01
2016-03-14,96.62000274658205,0.36,1.0
2016-03-15,96.62999725341795,0.36,0.99
2016-03-16,95.88999938964844,0.36,1.07
2016-03-17,94.76000213623048,0.36,1.04
2016-03-18,94.98999786376952,0.36,1.04
2016-03-21,95.29000091552734,0.36,1.05
2016-03-22,95.6500015258789,0.36,1.03
2016-03-23,96.0500030517578,0.36,1.01
2016-03-24,96.13999938964844,0.36,1.02
2016-03-28,95.94000244140624,0.36,1.0
2016-03-29,95.16000366210938,0.36,1.03
2016-03-30,94.83999633789062,0.36,1.07
2016-03-31,94.58999633789062,0.36,1.05
2016-04-01,94.62000274658205,0.37,1.03
2016-04-04,94.51000213623048,0.37,1.03
2016-04-05,94.62999725341795,0.37,1.01
2016-04-06,94.43000030517578,0.37,1.03
2016-04-07,94.4800033569336,0.37,1.0
2016-04-08,94.23999786376952,0.37,1.02
2016-04-11,93.9499969482422,0.37,1.03
2016-04-12,93.95999908447266,0.37,1.05
2016-04-13,94.73999786376952,0.37,1.02
2016-04-14,94.9000015258789,0.37,1.03
2016-04-15,94.6999969482422,0.37,1.02
2016-04-18,94.48999786376952,0.37,1.03
2016-04-19,93.9800033569336,0.37,1.02
2016-04-20,94.48999786376952,0.37,1.05
2016-04-21,94.5999984741211,0.37,1.06
2016-04-22,95.12000274658205,0.37,1.05
2016-04-25,94.83999633789062,0.37,1.06
2016-04-26,94.56999969482422,0.37,1.08
2016-04-27,94.38999938964844,0.37,1.04
2016-04-28,93.76000213623048,0.37,1.06
2016-04-29,93.08000183105467,0.37,1.06
2016-05-02,92.62999725341795,0.37,1.08
2016-05-03,92.94000244140624,0.37,1.06
2016-05-04,93.18000030517578,0.37,1.04
2016-05-05,93.77999877929688,0.37,1.04
2016-05-06,93.88999938964844,0.37,1.05
2016-05-09,94.1500015258789,0.37,1.05
2016-05-10,94.29000091552734,0.37,1.05
2016-05-11,93.81999969482422,0.37,0.99
2016-05-12,94.13999938964844,0.37,0.99
2016-05-13,94.61000061035156,0.37,0.95
2016-05-16,94.56999969482422,0.37,0.96
2016-05-17,94.5500030517578,0.37,0.94
2016-05-18,95.08000183105467,0.37,0.97
2016-05-19,95.29000091552734,0.37,0.96
2016-05-20,95.30999755859376,0.37,0.96
2016-05-23,95.2300033569336,0.37,0.93
2016-05-24,95.56999969482422,0.37,0.94
2016-05-25,95.3499984741211,0.37,0.95
2016-05-26,95.16999816894533,0.37,0.96
2016-05-27,95.5199966430664,0.37,0.95
2016-05-31,95.88999938964844,0.37,0.97
2016-06-01,95.45999908447266,0.38,0.94
2016-06-02,95.55999755859376,0.38,0.92
2016-06-03,94.02999877929688,0.38,0.93
2016-06-06,93.9000015258789,0.38,0.93
2016-06-07,93.83000183105467,0.38,0.94
2016-06-08,93.58999633789062,0.38,0.93
2016-06-09,94.0999984741211,0.38,0.91
2016-06-10,94.5999984741211,0.38,0.91
2016-06-13,94.37000274658205,0.38,0.89
2016-06-14,94.93000030517578,0.38,0.88
2016-06-15,94.61000061035156,0.38,0.91
2016-06-16,94.56999969482422,0.38,0.87
2016-06-17,94.20999908447266,0.38,0.92
2016-06-20,93.61000061035156,0.38,0.93
2016-06-21,94.0199966430664,0.38,0.95
2016-06-22,93.72000122070312,0.38,0.94
2016-06-23,93.52999877929688,0.38,0.96
2016-06-24,95.4499969482422,0.38,0.93
2016-06-27,96.54000091552734,0.38,0.85
2016-06-28,96.25,0.38,0.85
2016-06-29,95.7699966430664,0.38,0.88
2016-06-30,96.13999938964844,0.38,0.91
2016-07-01,95.6500015258789,0.39,0.87
2016-07-05,96.16999816894533,0.39,0.81
2016-07-06,96.05999755859376,0.39,0.8
2016-07-07,96.33000183105467,0.39,0.82
2016-07-08,96.3000030517578,0.39,0.76
2016-07-11,96.56999969482422,0.39,0.77
2016-07-12,96.44000244140624,0.39,0.84
2016-07-13,96.22000122070312,0.39,0.8
2016-07-14,96.08000183105467,0.39,0.85
2016-07-15,96.58000183105467,0.39,0.89
2016-07-18,96.55999755859376,0.39,0.91
2016-07-19,97.0500030517578,0.39,0.86
2016-07-20,97.1999969482422,0.39,0.86
2016-07-21,97.0,0.39,0.87
2016-07-22,97.47000122070312,0.39,0.86
2016-07-25,97.29000091552734,0.39,0.86
2016-07-26,97.16000366210938,0.39,0.82
2016-07-27,97.0500030517578,0.39,0.79
2016-07-28,96.73999786376952,0.39,0.8
2016-07-29,95.52999877929688,0.39,0.79
2016-08-01,95.70999908447266,0.4,0.84
2016-08-02,95.05999755859376,0.4,0.88
2016-08-03,95.55999755859376,0.4,0.88
2016-08-04,95.76000213623048,0.4,0.87
2016-08-05,96.19000244140624,0.4,0.87
2016-08-08,96.4000015258789,0.4,0.85
2016-08-09,96.18000030517578,0.4,0.84
2016-08-10,95.6500015258789,0.4,0.81
2016-08-11,95.86000061035156,0.4,0.81
2016-08-12,95.72000122070312,0.4,0.8
2016-08-15,95.62999725341795,0.4,0.83
2016-08-16,94.79000091552734,0.4,0.81
2016-08-17,94.72000122070312,0.4,0.82
2016-08-18,94.16000366210938,0.4,0.82
2016-08-19,94.51000213623048,0.4,0.82
2016-08-22,94.5199966430664,0.4,0.79
2016-08-23,94.54000091552734,0.4,0.81
2016-08-24,94.79000091552734,0.4,0.8
2016-08-25,94.7699966430664,0.4,0.8
2016-08-26,95.56999969482422,0.4,0.78
2016-08-29,95.58000183105467,0.4,0.76
2016-08-30,96.0500030517578,0.4,0.77
2016-08-31,96.0199966430664,0.4,0.78
2016-09-01,95.6500015258789,0.4,0.79
2016-09-02,95.87999725341795,0.4,0.8
2016-09-06,94.81999969482422,0.4,0.81
2016-09-07,94.95999908447266,0.4,0.8
2016-09-08,95.02999877929688,0.4,0.83
2016-09-09,95.33999633789062,0.4,0.88
2016-09-12,95.0999984741211,0.4,0.89
2016-09-13,95.62999725341795,0.4,0.93
2016-09-14,95.33000183105467,0.4,0.93
2016-09-15,95.29000091552734,0.4,0.97
2016-09-16,96.11000061035156,0.4,0.93
2016-09-19,95.83999633789062,0.4,0.91
2016-09-20,96.0199966430664,0.4,0.9
2016-09-21,95.66000366210938,0.4,0.87
2016-09-22,95.4499969482422,0.4,0.84
2016-09-23,95.4800033569336,0.4,0.85
2016-09-26,95.30999755859376,0.4,0.83
2016-09-27,95.44000244140624,0.4,0.81
2016-09-28,95.43000030517578,0.4,0.82
2016-09-29,95.54000091552734,0.4,0.83
2016-09-30,95.45999908447266,0.4,0.83
2016-10-03,95.75,0.4,0.83
2016-10-04,96.12000274658205,0.4,0.87
2016-10-05,96.12999725341795,0.4,0.87
2016-10-06,96.66000366210938,0.4,0.89
2016-10-07,96.5199966430664,0.4,0.9
2016-10-10,96.5199966430664,0.4,0.9
2016-10-11,97.6999969482422,0.4,0.9
2016-10-12,97.97000122070312,0.4,0.92
2016-10-13,97.5199966430664,0.4,0.9
2016-10-14,98.0199966430664,0.4,0.96
2016-10-17,97.88999938964844,0.4,0.96
2016-10-18,97.9000015258789,0.4,0.93
2016-10-19,97.87000274658205,0.4,0.95
2016-10-20,98.31999969482422,0.4,0.92
2016-10-21,98.6999969482422,0.4,0.9
2016-10-24,98.66999816894533,0.4,0.93
2016-10-25,98.72000122070312,0.4,0.91
2016-10-26,98.62999725341795,0.4,0.93
2016-10-27,98.88999938964844,0.4,0.98
2016-10-28,98.3499984741211,0.4,1.0
2016-10-31,98.4499969482422,0.4,0.98
2016-11-01,97.6999969482422,0.41,1.0
2016-11-02,97.4000015258789,0.41,1.0
2016-11-03,97.16000366210938,0.41,1.01
2016-11-04,97.06999969482422,0.41,0.99
2016-11-07,97.77999877929688,0.41,1.01
2016-11-08,97.86000061035156,0.41,1.01
2016-11-09,98.5,0.41,1.17
2016-11-10,98.79000091552734,0.41,1.23
2016-11-14,100.11000061035156,0.41,1.23
2016-11-15,100.19000244140624,0.41,1.21
2016-11-16,100.41000366210938,0.41,1.22
2016-11-17,100.88999938964844,0.41,1.25
2016-11-18,101.20999908447266,0.41,1.27
2016-11-21,101.0500030517578,0.41,1.25
2016-11-22,101.04000091552734,0.41,1.24
2016-11-23,101.6999969482422,0.41,1.24
2016-11-25,101.48999786376952,0.41,1.24
2016-11-28,101.33000183105467,0.41,1.21
2016-11-29,100.93000030517578,0.41,1.21
2016-11-30,101.5,0.41,1.26
2016-12-01,101.04000091552734,0.54,1.31
2016-12-02,100.7699966430664,0.54,1.29
2016-12-05,100.13999938964844,0.54,1.26
2016-12-06,100.48999786376952,0.54,1.27
2016-12-07,100.2300033569336,0.54,1.24
2016-12-08,101.06999969482422,0.54,1.28
2016-12-09,101.56999969482422,0.54,1.32
2016-12-12,100.95999908447266,0.54,1.34
2016-12-13,101.02999877929688,0.54,1.31
2016-12-14,102.0,0.54,1.27
2016-12-15,103.12999725341795,0.54,1.31
2016-12-16,102.9499969482422,0.54,1.32
2016-12-19,103.13999938964844,0.54,1.3
2016-12-20,103.29000091552734,0.54,1.32
2016-12-21,103.0199966430664,0.54,1.34
2016-12-22,103.08999633789062,0.54,1.33
2016-12-23,103.01000213623048,0.54,1.33
2016-12-27,103.0199966430664,0.54,1.29
2016-12-28,103.26000213623048,0.54,1.25
2016-12-29,102.68000030517578,0.54,1.27
2016-12-30,102.38999938964844,0.54,1.25
2017-01-03,103.20999908447266,0.54,1.23
2017-01-04,102.6999969482422,0.54,1.22
2017-01-05,101.5199966430664,0.54,1.2
2017-01-06,102.22000122070312,0.54,1.2
2017-01-09,101.93000030517578,0.54,1.17
2017-01-10,102.01000213623048,0.54,1.19
2017-01-11,101.77999877929688,0.54,1.18
2017-01-12,101.3499984741211,0.54,1.18
2017-01-13,101.18000030517578,0.54,1.19
2017-01-17,100.33000183105467,0.54,1.16
2017-01-18,100.93000030517578,0.54,1.19
2017-01-19,101.1500015258789,0.54,1.22
2017-01-20,100.73999786376952,0.54,1.28
2017-01-23,100.16000366210938,0.54,1.25
2017-01-24,100.3499984741211,0.54,1.26
2017-01-25,100.02999877929688,0.54,1.3
2017-01-26,100.37999725341795,0.54,1.3
2017-01-27,100.52999877929688,0.54,1.27
2017-01-30,100.43000030517578,0.54,1.27
2017-01-31,99.51000213623048,0.54,1.26
2017-02-01,99.63999938964844,0.66,1.26
2017-02-02,99.8499984741211,0.66,1.27
2017-02-03,99.87000274658205,0.66,1.28
2017-02-06,99.91000366210938,0.66,1.26
2017-02-07,100.26000213623048,0.66,1.24
2017-02-08,100.27999877929688,0.66,1.19
2017-02-09,100.6500015258789,0.66,1.2
2017-02-10,100.8000030517578,0.66,1.21
2017-02-13,100.95999908447266,0.66,1.23
2017-02-14,101.25,0.66,1.22
2017-02-15,101.18000030517578,0.66,1.24
2017-02-16,100.44000244140624,0.66,1.23
2017-02-17,100.9499969482422,0.66,1.21
2017-02-21,101.37000274658205,0.66,1.21
2017-02-22,101.33000183105467,0.66,1.2
2017-02-23,101.0500030517578,0.66,1.2
2017-02-24,101.08999633789062,0.66,1.19
2017-02-27,101.12999725341795,0.66,1.16
2017-02-28,101.12000274658205,0.66,1.14
2017-03-01,101.77999877929688,0.79,1.17
2017-03-02,102.1999969482422,0.79,1.17
2017-03-03,101.54000091552734,0.79,1.17
2017-03-06,101.63999938964844,0.79,1.18
2017-03-07,101.80999755859376,0.79,1.2
2017-03-08,102.06999969482422,0.79,1.21
2017-03-09,101.8499984741211,0.79,1.23
2017-03-10,101.25,0.79,1.22
2017-03-13,101.37999725341795,0.79,1.22
2017-03-14,101.6999969482422,0.79,1.2
2017-03-15,100.73999786376952,0.79,1.18
2017-03-16,100.2699966430664,0.79,1.18
2017-03-17,100.3000030517578,0.79,1.17
2017-03-20,100.41000366210938,0.79,1.17
2017-03-21,99.80999755859376,0.79,1.16
2017-03-22,99.68000030517578,0.79,1.13
2017-03-23,99.76000213623048,0.79,1.15
2017-03-24,99.62999725341795,0.79,1.14
2017-03-27,99.16999816894533,0.79,1.11
2017-03-28,99.70999908447266,0.79,1.12
2017-03-29,100.0,0.79,1.13
2017-03-30,100.41000366210938,0.79,1.14
2017-03-31,100.3499984741211,0.79,1.13
2017-04-03,100.54000091552734,0.79,1.11
2017-04-04,100.54000091552734,0.79,1.11
2017-04-05,100.55999755859376,0.79,1.1
2017-04-06,100.66999816894533,0.79,1.1
2017-04-07,101.18000030517578,0.79,1.09
2017-04-10,101.0199966430664,0.79,1.08
2017-04-11,100.70999908447266,0.79,1.08
2017-04-12,100.77999877929688,0.79,1.04
2017-04-13,100.55999755859376,0.79,1.03
2017-04-17,100.3000030517578,0.79,1.05
2017-04-18,99.5,0.79,1.0
2017-04-19,99.73999786376952,0.79,1.02
2017-04-20,99.77999877929688,0.79,1.03
2017-04-21,99.9800033569336,0.79,1.04
2017-04-24,99.08999633789062,0.79,1.03
2017-04-25,98.81999969482422,0.79,1.06
2017-04-26,98.95999908447266,0.79,1.04
2017-04-27,99.08000183105467,0.79,1.05
2017-04-28,99.0500030517578,0.79,1.01
2017-05-01,99.13999938964844,0.91,1.05
2017-05-02,98.9800033569336,0.91,1.02
2017-05-03,99.20999908447266,0.91,1.03
2017-05-04,98.76000213623048,0.91,1.04
2017-05-05,98.6500015258789,0.91,1.04
2017-05-08,99.1500015258789,0.91,1.06
2017-05-09,99.58999633789062,0.91,1.05
2017-05-10,99.66999816894533,0.91,1.06
2017-05-11,99.62000274658205,0.91,1.04
2017-05-12,99.25,0.91,1.04
2017-05-15,98.91000366210938,0.91,1.03
2017-05-16,98.11000061035156,0.91,1.04
2017-05-17,97.41999816894533,0.91,0.96
2017-05-18,97.87999725341795,0.91,0.96
2017-05-19,97.1500015258789,0.91,0.95
2017-05-22,96.9800033569336,0.91,0.96
2017-05-23,97.3499984741211,0.91,0.98
2017-05-24,97.23999786376952,0.91,0.97
2017-05-25,97.25,0.91,0.95
2017-05-26,97.4000015258789,0.91,0.95
2017-05-30,97.27999877929688,0.91,0.93
2017-05-31,96.91999816894533,0.91,0.93
2017-06-01,97.1999969482422,1.04,0.93
2017-06-02,96.72000122070312,1.04,0.87
2017-06-05,96.8000030517578,1.04,0.86
2017-06-06,96.63999938964844,1.04,0.84
2017-06-07,96.75,1.04,0.86
2017-06-08,96.91999816894533,1.04,0.86
2017-06-09,97.2699966430664,1.04,0.86
2017-06-12,97.13999938964844,1.04,0.86
2017-06-13,96.9800033569336,1.04,0.83
2017-06-14,96.94000244140624,1.04,0.8
2017-06-15,97.43000030517578,1.04,0.81
2017-06-16,97.16000366210938,1.04,0.84
2017-06-19,97.52999877929688,1.04,0.83
2017-06-20,97.75,1.04,0.8
2017-06-21,97.55999755859376,1.04,0.8
2017-06-22,97.54000091552734,1.04,0.81
2017-06-23,97.3000030517578,1.04,0.81
2017-06-26,97.43000030517578,1.04,0.78
2017-06-27,96.47000122070312,1.04,0.83
2017-06-28,96.0500030517578,1.04,0.88
2017-06-29,95.62999725341795,1.04,0.89
2017-06-30,95.66000366210938,1.04,0.93
2017-07-03,96.1999969482422,1.04,0.94
2017-07-05,96.29000091552734,1.04,0.92
2017-07-06,95.81999969482422,1.04,0.97
2017-07-07,96.01000213623048,1.04,0.99
2017-07-10,96.0500030517578,1.04,0.98
2017-07-11,95.73999786376952,1.04,1.0
2017-07-12,95.79000091552734,1.04,0.98
2017-07-13,95.7300033569336,1.04,0.98
2017-07-14,95.11000061035156,1.04,0.98
2017-07-17,95.12999725341795,1.04,0.95
2017-07-18,94.66000366210938,1.04,0.91
2017-07-19,94.8000030517578,1.04,0.9
2017-07-20,94.2699966430664,1.04,0.9
2017-07-21,93.94000244140624,1.04,0.88
2017-07-24,93.9800033569336,1.04,0.89
2017-07-25,94.0500030517578,1.04,0.93
2017-07-26,93.66999816894533,1.04,0.93
2017-07-27,93.86000061035156,1.04,0.96
2017-07-28,93.26000213623048,1.04,0.96
2017-07-31,92.86000061035156,1.04,0.96
2017-08-01,93.02999877929688,1.16,0.92
2017-08-02,92.83000183105467,1.16,0.91
2017-08-03,92.80999755859376,1.16,0.9
2017-08-04,93.54000091552734,1.16,0.91
2017-08-07,93.43000030517578,1.16,0.9
2017-08-08,93.63999938964844,1.16,0.93
2017-08-09,93.5199966430664,1.16,0.91
2017-08-10,93.4000015258789,1.16,0.87
2017-08-11,93.06999969482422,1.16,0.89
2017-08-14,93.45999908447266,1.16,0.89
2017-08-15,93.8499984741211,1.16,0.92
2017-08-16,93.48999786376952,1.16,0.9
2017-08-17,93.62000274658205,1.16,0.87
2017-08-18,93.43000030517578,1.16,0.86
2017-08-21,93.0999984741211,1.16,0.86
2017-08-22,93.5500030517578,1.16,0.89
2017-08-23,93.1500015258789,1.16,0.85
2017-08-24,93.27999877929688,1.16,0.86
2017-08-25,92.73999786376952,1.16,0.82
2017-08-28,92.20999908447266,1.16,0.83
2017-08-29,92.3499984741211,1.16,0.8
2017-08-30,92.87999725341795,1.16,0.82
2017-08-31,92.66999816894533,1.16,0.79
2017-09-01,92.80999755859376,1.15,0.81
2017-09-05,92.30999755859376,1.15,0.77
2017-09-06,92.29000091552734,1.15,0.8
2017-09-07,91.52999877929688,1.15,0.78
2017-09-08,91.33000183105467,1.15,0.79
2017-09-11,91.86000061035156,1.15,0.82
2017-09-12,91.91000366210938,1.15,0.84
2017-09-13,92.5199966430664,1.15,0.85
2017-09-14,92.12000274658205,1.15,0.83
2017-09-15,91.87000274658205,1.15,0.81
2017-09-18,92.0500030517578,1.15,0.83
2017-09-19,91.79000091552734,1.15,0.84
2017-09-20,92.51000213623048,1.15,0.83
2017-09-21,92.26000213623048,1.15,0.82
2017-09-22,92.16999816894533,1.15,0.8
2017-09-25,92.6500015258789,1.15,0.78
2017-09-26,92.97000122070312,1.15,0.79
2017-09-27,93.36000061035156,1.15,0.84
2017-09-28,93.08999633789062,1.15,0.86
2017-09-29,93.08000183105467,1.15,0.86
2017-10-02,93.55999755859376,1.15,0.85
2017-10-03,93.56999969482422,1.15,0.86
2017-10-04,93.45999908447266,1.15,0.86
2017-10-05,93.95999908447266,1.15,0.86
2017-10-06,93.8000030517578,1.15,0.83
2017-10-09,93.73999786376952,1.15,0.83
2017-10-10,93.29000091552734,1.15,0.84
2017-10-11,92.95999908447266,1.15,0.84
2017-10-12,93.12000274658205,1.15,0.82
2017-10-13,93.08999633789062,1.15,0.77
2017-10-16,93.27999877929688,1.15,0.76
2017-10-17,93.48999786376952,1.15,0.76
2017-10-18,93.36000061035156,1.15,0.75
2017-10-19,93.2699966430664,1.15,0.75
2017-10-20,93.6999969482422,1.15,0.79
2017-10-23,93.94000244140624,1.15,0.8
2017-10-24,93.95999908447266,1.15,0.82
2017-10-25,93.70999908447266,1.15,0.83
2017-10-26,94.61000061035156,1.15,0.83
2017-10-27,94.91999816894533,1.15,0.83
2017-10-30,94.48999786376952,1.15,0.79
2017-10-31,94.5500030517578,1.15,0.78
2017-11-01,94.81999969482422,1.16,0.76
2017-11-02,94.69000244140624,1.16,0.74
2017-11-03,94.94000244140624,1.16,0.71
2017-11-06,94.72000122070312,1.16,0.71
2017-11-07,94.91000366210938,1.16,0.69
2017-11-08,94.87000274658205,1.16,0.67
2017-11-09,94.44000244140624,1.16,0.7
2017-11-10,94.38999938964844,1.16,0.73
2017-11-13,94.48999786376952,1.16,0.7
2017-11-14,93.83000183105467,1.16,0.7
2017-11-15,93.80999755859376,1.16,0.65
2017-11-16,93.93000030517578,1.16,0.65
2017-11-17,93.66000366210938,1.16,0.62
2017-11-20,94.08000183105467,1.16,0.6
2017-11-21,93.9499969482422,1.16,0.59
2017-11-22,93.22000122070312,1.16,0.58
2017-11-24,92.76000213623048,1.16,0.59
2017-11-27,92.9000015258789,1.16,0.58
2017-11-28,93.26000213623048,1.16,0.59
2017-11-29,93.26000213623048,1.16,0.59
2017-11-30,93.01000213623048,1.16,0.64
2017-12-01,92.9000015258789,1.3,0.59
2017-12-04,93.19000244140624,1.3,0.57
2017-12-05,93.37999725341795,1.3,0.53
2017-12-06,93.61000061035156,1.3,0.55
2017-12-07,93.8000030517578,1.3,0.57
2017-12-08,93.9000015258789,1.3,0.58
2017-12-11,93.87000274658205,1.3,0.57
2017-12-12,94.0999984741211,1.3,0.57
2017-12-13,93.43000030517578,1.3,0.57
2017-12-14,93.48999786376952,1.3,0.53
2017-12-15,93.93000030517578,1.3,0.51
2017-12-18,93.6999969482422,1.3,0.55
2017-12-19,93.47000122070312,1.3,0.59
2017-12-20,93.3499984741211,1.3,0.62
2017-12-21,93.27999877929688,1.3,0.59
2017-12-22,93.3499984741211,1.3,0.57
2017-12-26,93.26000213623048,1.3,0.55
2017-12-27,93.02999877929688,1.3,0.53
2017-12-28,92.5999984741211,1.3,0.52
2017-12-29,92.12000274658205,1.3,0.51
2018-01-02,91.8499984741211,1.3,0.54
2018-01-03,92.16000366210938,1.3,0.5
2018-01-04,91.8499984741211,1.3,0.5
2018-01-05,91.9499969482422,1.3,0.51
2018-01-08,92.33000183105467,1.3,0.53
2018-01-09,92.52999877929688,1.3,0.57
2018-01-10,92.33000183105467,1.3,0.57
2018-01-11,91.8499984741211,1.3,0.56
2018-01-12,90.97000122070312,1.3,0.56
2018-01-16,90.38999938964844,1.3,0.51
2018-01-17,90.54000091552734,1.3,0.52
2018-01-18,90.5,1.3,0.57
2018-01-19,90.56999969482422,1.3,0.58
2018-01-22,90.4000015258789,1.3,0.58
2018-01-23,90.12000274658205,1.3,0.57
2018-01-24,89.20999908447266,1.3,0.57
2018-01-25,89.38999938964844,1.3,0.55
2018-01-26,89.06999969482422,1.3,0.53
2018-01-29,89.30999755859375,1.3,0.59
2018-01-30,89.19000244140625,1.3,0.6
2018-01-31,89.12999725341797,1.3,0.58
2018-02-01,88.66999816894531,1.42,0.62
2018-02-02,89.19999694824219,1.42,0.69
2018-02-05,89.55000305175781,1.42,0.69
2018-02-06,89.58999633789062,1.42,0.69
2018-02-07,90.26000213623048,1.42,0.69
2018-02-08,90.2300033569336,1.42,0.72
2018-02-09,90.44000244140624,1.42,0.78
2018-02-12,90.20999908447266,1.42,0.77
2018-02-13,89.69999694824219,1.42,0.73
2018-02-14,89.12000274658203,1.42,0.74
2018-02-15,88.58999633789062,1.42,0.71
2018-02-16,89.0999984741211,1.42,0.66
2018-02-20,89.72000122070312,1.42,0.63
2018-02-21,90.08000183105467,1.42,0.68
2018-02-22,89.75,1.42,0.67
2018-02-23,89.87999725341797,1.42,0.63
2018-02-26,89.81999969482422,1.42,0.64
2018-02-27,90.36000061035156,1.42,0.63
2018-02-28,90.61000061035156,1.42,0.62
2018-03-01,90.31999969482422,1.51,0.59
2018-03-02,89.94000244140625,1.51,0.61
2018-03-05,90.08000183105467,1.51,0.64
2018-03-06,89.62000274658203,1.51,0.63
2018-03-07,89.63999938964844,1.51,0.64
2018-03-08,90.12000274658205,1.51,0.61
2018-03-09,90.08999633789062,1.51,0.63
2018-03-12,89.9000015258789,1.51,0.6
2018-03-13,89.66000366210938,1.51,0.58
2018-03-14,89.69999694824219,1.51,0.55
2018-03-15,90.13999938964844,1.51,0.53
2018-03-16,90.2300033569336,1.51,0.54
2018-03-19,89.9000015258789,1.51,0.54
2018-03-20,90.37000274658205,1.51,0.55
2018-03-21,89.77999877929688,1.51,0.58
2018-03-22,89.86000061035156,1.51,0.54
2018-03-23,89.44000244140625,1.51,0.54
2018-03-26,89.02999877929688,1.51,0.52
2018-03-27,89.37000274658203,1.51,0.52
2018-03-28,90.05999755859375,1.51,0.49
2018-03-29,90.1500015258789,1.51,0.47
2018-04-02,90.05000305175781,1.51,0.48
2018-04-03,90.1999969482422,1.51,0.51
2018-04-04,90.13999938964844,1.51,0.51
2018-04-05,90.45999908447266,1.51,0.53
2018-04-06,90.11000061035156,1.51,0.5
2018-04-09,89.83999633789062,1.51,0.49
2018-04-10,89.58999633789062,1.51,0.48
2018-04-11,89.56999969482422,1.51,0.47
2018-04-12,89.75,1.51,0.49
2018-04-13,89.80000305175781,1.51,0.45
2018-04-16,89.43000030517578,1.51,0.44
2018-04-17,89.5199966430664,1.51,0.41
2018-04-18,89.62000274658203,1.51,0.45
2018-04-19,89.94000244140625,1.51,0.48
2018-04-20,90.31999969482422,1.51,0.5
2018-04-23,90.94000244140624,1.51,0.49
2018-04-24,90.7699966430664,1.51,0.52
2018-04-25,91.16999816894533,1.51,0.54
2018-04-26,91.55999755859376,1.51,0.51
2018-04-27,91.54000091552734,1.51,0.47
2018-04-30,91.83999633789062,1.51,0.46
2018-05-01,92.4499969482422,1.7,0.47
2018-05-02,92.51000213623048,1.7,0.48
2018-05-03,92.41000366210938,1.7,0.45
2018-05-04,92.56999969482422,1.7,0.44
2018-05-07,92.75,1.7,0.46
2018-05-08,93.12000274658205,1.7,0.46
2018-05-09,93.04000091552734,1.7,0.46
2018-05-10,92.6500015258789,1.7,0.43
2018-05-11,92.54000091552734,1.7,0.43
2018-05-14,92.58999633789062,1.7,0.45
2018-05-15,93.22000122070312,1.7,0.5
2018-05-16,93.38999938964844,1.7,0.51
2018-05-17,93.47000122070312,1.7,0.54
2018-05-18,93.63999938964844,1.7,0.51
2018-05-21,93.68000030517578,1.7,0.48
2018-05-22,93.61000061035156,1.7,0.47
2018-05-23,94.01000213623048,1.7,0.48
2018-05-24,93.77999877929688,1.7,0.48
2018-05-25,94.19000244140624,1.7,0.45
2018-05-29,94.83000183105467,1.7,0.45
2018-05-30,94.1500015258789,1.7,0.42
2018-05-31,93.98999786376952,1.7,0.43
2018-06-01,94.19000244140624,1.82,0.42
2018-06-04,94.0199966430664,1.82,0.42
2018-06-05,93.88999938964844,1.82,0.43
2018-06-06,93.66000366210938,1.82,0.45
2018-06-07,93.4000015258789,1.82,0.43
2018-06-08,93.5500030517578,1.82,0.43
2018-06-11,93.58000183105467,1.82,0.44
2018-06-12,93.8000030517578,1.82,0.42
2018-06-13,93.70999908447266,1.82,0.39
2018-06-14,94.7699966430664,1.82,0.35
2018-06-15,94.79000091552734,1.82,0.38
2018-06-18,94.75,1.82,0.36
2018-06-19,95.08999633789062,1.82,0.35
2018-06-20,95.05999755859376,1.82,0.37
2018-06-21,94.87000274658205,1.82,0.34
2018-06-22,94.5199966430664,1.82,0.34
2018-06-25,94.27999877929688,1.82,0.33
2018-06-26,94.68000030517578,1.82,0.35
2018-06-27,95.29000091552734,1.82,0.31
2018-06-28,95.38999938964844,1.82,0.32
2018-06-29,94.62999725341795,1.82,0.33
2018-07-02,94.87000274658205,1.82,0.3
2018-07-03,94.58999633789062,1.82,0.3
2018-07-05,94.47000122070312,1.82,0.29
2018-07-06,94.04000091552734,1.82,0.29
2018-07-09,94.08000183105467,1.82,0.29
2018-07-10,94.11000061035156,1.82,0.28
2018-07-11,94.72000122070312,1.82,0.27
2018-07-12,94.80999755859376,1.82,0.25
2018-07-13,94.75,1.82,0.24
2018-07-16,94.51000213623048,1.82,0.26
2018-07-17,94.97000122070312,1.82,0.24
2018-07-18,95.08000183105467,1.82,0.28
2018-07-19,95.16999816894533,1.82,0.24
2018-07-20,94.45999908447266,1.82,0.29
2018-07-23,94.66999816894533,1.82,0.32
2018-07-24,94.61000061035156,1.82,0.32
2018-07-25,94.36000061035156,1.82,0.28
2018-07-26,94.75,1.82,0.29
2018-07-27,94.68000030517578,1.82,0.29
2018-07-30,94.36000061035156,1.82,0.32
2018-07-31,94.48999786376952,1.82,0.29
2018-08-01,94.62000274658205,1.91,0.33
2018-08-02,95.16999816894533,1.91,0.32
2018-08-03,95.13999938964844,1.91,0.32
2018-08-06,95.36000061035156,1.91,0.3
2018-08-07,95.22000122070312,1.91,0.3
2018-08-08,95.0999984741211,1.91,0.28
2018-08-09,95.5,1.91,0.29
2018-08-10,96.36000061035156,1.91,0.26
2018-08-13,96.38999938964844,1.91,0.27
2018-08-14,96.7300033569336,1.91,0.26
2018-08-15,96.6999969482422,1.91,0.25
2018-08-16,96.6500015258789,1.91,0.24
2018-08-17,96.0999984741211,1.91,0.26
2018-08-20,95.9000015258789,1.91,0.22
2018-08-21,95.26000213623048,1.91,0.24
2018-08-22,95.1500015258789,1.91,0.22
2018-08-23,95.62000274658205,1.91,0.21
2018-08-24,95.1500015258789,1.91,0.19
2018-08-27,94.77999877929688,1.91,0.18
2018-08-28,94.72000122070312,1.91,0.21
2018-08-29,94.5999984741211,1.91,0.22
2018-08-30,94.72000122070312,1.91,0.22
2018-08-31,95.13999938964844,1.91,0.24
2018-09-04,95.41999816894533,1.91,0.24
2018-09-05,95.12999725341795,1.91,0.24
2018-09-06,95.0199966430664,1.91,0.24
2018-09-07,95.37000274658205,1.91,0.23
2018-09-10,95.1500015258789,1.91,0.21
2018-09-11,95.05999755859376,1.91,0.22
2018-09-12,94.8000030517578,1.91,0.23
2018-09-13,94.54000091552734,1.91,0.21
2018-09-14,94.9800033569336,1.91,0.21
2018-09-17,94.51000213623048,1.91,0.21
2018-09-18,94.62000274658205,1.91,0.24
2018-09-19,94.5500030517578,1.91,0.27
2018-09-20,93.91000366210938,1.91,0.26
2018-09-21,94.22000122070312,1.91,0.26
2018-09-24,94.26000213623048,1.91,0.25
2018-09-25,94.12999725341795,1.91,0.27
2018-09-26,94.19000244140624,1.91,0.23
2018-09-27,95.0,1.91,0.23
2018-09-28,95.19000244140624,1.91,0.24
2018-10-01,95.3000030517578,2.19,0.27
2018-10-02,95.51000213623048,2.19,0.23
2018-10-03,95.76000213623048,2.19,0.3
2018-10-04,95.75,2.19,0.32
2018-10-05,95.62000274658205,2.19,0.35
2018-10-08,95.7699966430664,2.19,0.35
2018-10-09,95.68000030517578,2.19,0.33
2018-10-10,95.51000213623048,2.19,0.34
2018-10-11,95.0199966430664,2.19,0.29
2018-10-12,95.22000122070312,2.19,0.3
2018-10-15,95.06999969482422,2.19,0.31
2018-10-16,95.0500030517578,2.19,0.29
2018-10-17,95.58000183105467,2.19,0.3
2018-10-18,95.9000015258789,2.19,0.3
2018-10-19,95.70999908447266,2.19,0.28
2018-10-22,96.01000213623048,2.19,0.28
2018-10-23,95.95999908447266,2.19,0.28
2018-10-24,96.43000030517578,2.19,0.26
2018-10-25,96.68000030517578,2.19,0.28
2018-10-26,96.36000061035156,2.19,0.27
2018-10-29,96.58000183105467,2.19,0.27
2018-10-30,97.01000213623048,2.19,0.28
2018-10-31,97.12999725341795,2.19,0.28
2018-11-01,96.27999877929688,2.2,0.3
2018-11-02,96.54000091552734,2.2,0.31
2018-11-05,96.3499984741211,2.2,0.29
2018-11-06,96.31999969482422,2.2,0.29
2018-11-07,96.0,2.2,0.26
2018-11-08,96.63999938964844,2.2,0.26
2018-11-09,96.91000366210938,2.2,0.25
2018-11-12,97.54000091552734,2.2,0.25
2018-11-13,97.3000030517578,2.2,0.25
2018-11-14,96.8000030517578,2.2,0.26
2018-11-15,96.93000030517578,2.2,0.25
2018-11-16,96.47000122070312,2.2,0.27
2018-11-19,96.19000244140624,2.2,0.27
2018-11-20,96.80999755859376,2.2,0.27
2018-11-21,96.70999908447266,2.2,0.25
2018-11-23,96.91999816894533,2.2,0.24
2018-11-26,97.06999969482422,2.2,0.23
2018-11-27,97.37000274658205,2.2,0.23
2018-11-28,96.79000091552734,2.2,0.25
2018-11-29,96.77999877929688,2.2,0.22
2018-11-30,97.2699966430664,2.2,0.21
2018-12-03,97.04000091552734,2.2,0.15
2018-12-04,96.97000122070312,2.2,0.11
2018-12-06,96.80999755859376,2.2,0.12
2018-12-07,96.51000213623048,2.2,0.13
2018-12-10,97.22000122070312,2.2,0.13
2018-12-11,97.38999938964844,2.2,0.11
2018-12-12,97.04000091552734,2.2,0.14
2018-12-13,97.05999755859376,2.2,0.16
2018-12-14,97.44000244140624,2.2,0.16
2018-12-17,97.0999984741211,2.2,0.16
2018-12-18,97.13999938964844,2.2,0.17
2018-12-19,97.04000091552734,2.2,0.14
2018-12-20,96.27999877929688,2.2,0.12
2018-12-21,96.95999908447266,2.2,0.16
2018-12-24,96.5500030517578,2.2,0.19
2018-12-26,97.0500030517578,2.2,0.2
2018-12-27,96.4800033569336,2.2,0.21
2018-12-28,96.38999938964844,2.2,0.2
2018-12-31,96.16999816894533,2.2,0.21
2019-01-02,96.81999969482422,2.2,0.16
2019-01-03,96.30999755859376,2.2,0.17
2019-01-04,96.19000244140624,2.2,0.17
2019-01-07,95.70999908447266,2.2,0.17
2019-01-08,95.9000015258789,2.2,0.15
2019-01-09,95.22000122070312,2.2,0.18
2019-01-10,95.54000091552734,2.2,0.18
2019-01-11,95.66999816894533,2.2,0.16
2019-01-14,95.58999633789062,2.2,0.18
2019-01-15,95.97000122070312,2.2,0.19
2019-01-16,96.05999755859376,2.2,0.18
2019-01-17,96.06999969482422,2.2,0.19
2019-01-18,96.33999633789062,2.2,0.17
2019-01-22,96.3000030517578,2.2,0.16
2019-01-23,96.12000274658205,2.2,0.18
2019-01-24,96.5999984741211,2.2,0.16
2019-01-25,95.79000091552734,2.2,0.16
2019-01-28,95.75,2.2,0.15
2019-01-29,95.81999969482422,2.2,0.16
2019-01-30,95.33999633789062,2.2,0.18
2019-01-31,95.58000183105467,2.2,0.18
2019-02-01,95.58000183105467,2.4,0.18
2019-02-04,95.8499984741211,2.4,0.2
2019-02-05,96.0999984741211,2.4,0.18
2019-02-06,96.41999816894533,2.4,0.18
2019-02-07,96.51000213623048,2.4,0.17
2019-02-08,96.63999938964844,2.4,0.18
2019-02-11,97.05999755859376,2.4,0.17
2019-02-12,96.70999908447266,2.4,0.18
2019-02-13,97.12999725341795,2.4,0.18
2019-02-14,96.9800033569336,2.4,0.16
2019-02-15,96.91999816894533,2.4,0.14
2019-02-19,96.5199966430664,2.4,0.15
2019-02-20,96.4499969482422,2.4,0.15
2019-02-21,96.61000061035156,2.4,0.16
2019-02-22,96.51000213623048,2.4,0.17
2019-02-25,96.41000366210938,2.4,0.16
2019-02-26,96.0,2.4,0.16
2019-02-27,96.1500015258789,2.4,0.19
2019-02-28,96.16000366210938,2.4,0.21
2019-03-01,96.52999877929688,2.41,0.21
2019-03-04,96.68000030517578,2.41,0.17
2019-03-05,96.8499984741211,2.41,0.17
2019-03-06,96.87000274658205,2.41,0.17
2019-03-07,97.66999816894533,2.41,0.17
2019-03-08,97.37000274658205,2.41,0.17
2019-03-11,97.22000122070312,2.41,0.17
2019-03-12,96.94000244140624,2.41,0.16
2019-03-13,96.5500030517578,2.41,0.16
2019-03-14,96.79000091552734,2.41,0.17
2019-03-15,96.5999984741211,2.41,0.16
2019-03-18,96.5199966430664,2.41,0.15
2019-03-19,96.37999725341795,2.41,0.15
2019-03-20,95.76000213623048,2.41,0.14
2019-03-21,96.5,2.41,0.13
2019-03-22,96.6500015258789,2.41,0.13
2019-03-25,96.56999969482422,2.41,0.17
2019-03-26,96.73999786376952,2.41,0.17
2019-03-27,96.7699966430664,2.41,0.17
2019-03-28,97.1999969482422,2.41,0.16
2019-03-29,97.27999877929688,2.41,0.14
2019-04-01,97.25,2.42,0.16
2019-04-02,97.36000061035156,2.42,0.18
2019-04-03,97.08999633789062,2.42,0.19
2019-04-04,97.30999755859376,2.42,0.18
2019-04-05,97.4000015258789,2.42,0.15
2019-04-08,97.0500030517578,2.42,0.16
2019-04-09,97.01000213623048,2.42,0.16
2019-04-10,96.9499969482422,2.42,0.17
2019-04-11,97.18000030517578,2.42,0.16
2019-04-12,96.97000122070312,2.42,0.16
2019-04-15,96.94000244140624,2.42,0.15
2019-04-16,97.04000091552734,2.42,0.19
2019-04-17,97.01000213623048,2.42,0.19
2019-04-18,97.47000122070312,2.42,0.19
2019-04-22,97.27999877929688,2.42,0.21
2019-04-23,97.56999969482422,2.42,0.21
2019-04-24,98.0999984741211,2.42,0.21
2019-04-25,98.1999969482422,2.42,0.21
2019-04-26,98.01000213623048,2.42,0.23
2019-04-29,97.86000061035156,2.42,0.24
2019-04-30,97.4800033569336,2.42,0.24
2019-05-01,97.69000244140624,2.39,0.21
2019-05-02,97.83000183105467,2.39,0.2
2019-05-03,97.5199966430664,2.39,0.21
2019-05-06,97.5199966430664,2.39,0.2
2019-05-07,97.62999725341795,2.39,0.17
2019-05-08,97.62000274658205,2.39,0.19
2019-05-09,97.37000274658205,2.39,0.19
2019-05-10,97.33000183105467,2.39,0.21
2019-05-13,97.31999969482422,2.39,0.22
2019-05-14,97.52999877929688,2.39,0.22
2019-05-15,97.56999969482422,2.39,0.21
2019-05-16,97.83999633789062,2.39,0.2
2019-05-17,98.0,2.39,0.19
2019-05-20,97.93000030517578,2.39,0.2
2019-05-21,98.05999755859376,2.39,0.17
2019-05-22,98.11000061035156,2.39,0.16
2019-05-23,97.8499984741211,2.39,0.19
2019-05-24,97.61000061035156,2.39,0.16
2019-05-28,97.95999908447266,2.39,0.14
2019-05-29,98.13999938964844,2.39,0.16
2019-05-30,98.13999938964844,2.39,0.16
2019-05-31,97.75,2.39,0.19
2019-06-03,97.13999938964844,2.39,0.25
2019-06-04,97.06999969482422,2.39,0.24
2019-06-05,97.37000274658205,2.39,0.29
2019-06-06,97.02999877929688,2.39,0.24
2019-06-07,96.61000061035156,2.39,0.24
2019-06-10,96.76000213623048,2.39,0.25
2019-06-11,96.69000244140624,2.39,0.22
2019-06-12,97.0,2.39,0.25
2019-06-13,97.01000213623048,2.39,0.27
2019-06-14,97.56999969482422,2.39,0.25
2019-06-17,97.55999755859376,2.39,0.23
2019-06-18,97.63999938964844,2.39,0.2
2019-06-19,97.12000274658205,2.39,0.29
2019-06-20,96.62999725341795,2.39,0.29
2019-06-21,96.22000122070312,2.39,0.3
2019-06-24,95.9800033569336,2.39,0.3
2019-06-25,96.16000366210938,2.39,0.29
2019-06-26,96.20999908447266,2.39,0.28
2019-06-27,96.19000244140624,2.39,0.27
2019-06-28,96.12999725341795,2.39,0.25
2019-07-01,96.83999633789062,2.4,0.25
2019-07-02,96.7300033569336,2.4,0.21
2019-07-03,96.7699966430664,2.4,0.19
2019-07-05,97.25,2.4,0.17
2019-07-08,97.37999725341795,2.4,0.17
2019-07-09,97.48999786376952,2.4,0.15
2019-07-10,97.0999984741211,2.4,0.25
2019-07-11,97.0500030517578,2.4,0.28
2019-07-12,96.80999755859376,2.4,0.28
2019-07-15,96.93000030517578,2.4,0.26
2019-07-16,97.4000015258789,2.4,0.26
2019-07-17,97.22000122070312,2.4,0.23
2019-07-18,96.79000091552734,2.4,0.27
2019-07-19,97.1500015258789,2.4,0.25
2019-07-22,97.26000213623048,2.4,0.25
2019-07-23,97.70999908447266,2.4,0.25
2019-07-24,97.7300033569336,2.4,0.22
2019-07-25,97.81999969482422,2.4,0.22
2019-07-26,98.01000213623048,2.4,0.22
2019-07-29,98.04000091552734,2.4,0.21
2019-07-30,98.0500030517578,2.4,0.21
2019-07-31,98.5199966430664,2.4,0.13
2019-08-01,98.38999938964844,2.13,0.17
2019-08-02,98.0999984741211,2.13,0.14
2019-08-05,97.5,2.13,0.16
2019-08-06,97.62999725341795,2.13,0.13
2019-08-07,97.54000091552734,2.13,0.12
2019-08-08,97.62000274658205,2.13,0.1
2019-08-09,97.48999786376952,2.13,0.11
2019-08-12,97.37999725341795,2.13,0.07
2019-08-13,97.80999755859376,2.13,0.02
2019-08-14,97.98999786376952,2.13,0.01
2019-08-15,98.13999938964844,2.13,0.04
2019-08-16,98.13999938964844,2.13,0.07
2019-08-19,98.3499984741211,2.13,0.07
2019-08-20,98.19000244140624,2.13,0.05
2019-08-21,98.3000030517578,2.13,0.03
2019-08-22,98.16999816894533,2.13,0.01
2019-08-23,97.63999938964844,2.13,0.01
2019-08-26,98.08000183105467,2.13,0.0
2019-08-27,98.0,2.13,-0.04
2019-08-28,98.20999908447266,2.13,-0.03
2019-08-29,98.51000213623048,2.13,-0.03
2019-08-30,98.91999816894533,2.13,0.0
2019-09-03,98.9499969482422,2.13,0.0
2019-09-04,98.4499969482422,2.13,0.04
2019-09-05,98.41000366210938,2.13,0.02
2019-09-06,98.38999938964844,2.13,0.02
2019-09-09,98.27999877929688,2.13,0.05
2019-09-10,98.33000183105467,2.13,0.05
2019-09-11,98.6500015258789,2.13,0.07
2019-09-12,98.30999755859376,2.13,0.07
2019-09-13,98.26000213623048,2.13,0.11
2019-09-16,98.6500015258789,2.13,0.1
2019-09-17,98.26000213623048,2.13,0.09
2019-09-18,98.5999984741211,2.13,0.03
2019-09-19,98.2699966430664,2.13,0.05
2019-09-20,98.51000213623048,2.13,0.05
2019-09-23,98.5999984741211,2.13,0.04
2019-09-24,98.33999633789062,2.13,0.04
2019-09-25,99.04000091552734,2.13,0.05
2019-09-26,99.20999908447266,2.13,0.04
2019-09-27,99.11000061035156,2.13,0.06
2019-09-30,99.37999725341795,2.13,0.05
2019-10-01,99.12999725341795,1.83,0.09
2019-10-02,99.04000091552734,1.83,0.12
2019-10-03,98.86000061035156,1.83,0.15
2019-10-04,98.80999755859376,1.83,0.12
2019-10-07,98.98999786376952,1.83,0.1
2019-10-08,99.13999938964844,1.83,0.12
2019-10-09,99.12000274658205,1.83,0.12
2019-10-10,98.70999908447266,1.83,0.14
2019-10-11,98.3000030517578,1.83,0.13
2019-10-14,98.4499969482422,1.83,0.13
2019-10-15,98.29000091552734,1.83,0.16
2019-10-16,98.01000213623048,1.83,0.17
2019-10-17,97.61000061035156,1.83,0.16
2019-10-18,97.27999877929688,1.83,0.18
2019-10-21,97.33000183105467,1.83,0.18
2019-10-22,97.52999877929688,1.83,0.18
2019-10-23,97.47000122070312,1.83,0.19
2019-10-24,97.62999725341795,1.83,0.19
2019-10-25,97.83000183105467,1.83,0.17
2019-10-28,97.76000213623048,1.83,0.21
2019-10-29,97.69000244140624,1.83,0.2
2019-10-30,97.6500015258789,1.83,0.17
2019-10-31,97.3499984741211,1.83,0.17
2019-11-01,97.23999786376952,1.55,0.17
2019-11-04,97.51000213623048,1.55,0.19
2019-11-05,97.9800033569336,1.55,0.23
2019-11-06,97.9499969482422,1.55,0.2
2019-11-07,98.13999938964844,1.55,0.24
2019-11-08,98.3499984741211,1.55,0.26
2019-11-11,98.1999969482422,1.55,0.26
2019-11-12,98.30999755859376,1.55,0.26
2019-11-13,98.37000274658205,1.55,0.25
2019-11-14,98.16000366210938,1.55,0.24
2019-11-15,98.0,1.55,0.23
2019-11-18,97.79000091552734,1.55,0.21
2019-11-19,97.86000061035156,1.55,0.19
2019-11-20,97.93000030517578,1.55,0.17
2019-11-21,97.98999786376952,1.55,0.17
2019-11-22,98.2699966430664,1.55,0.16
2019-11-25,98.31999969482422,1.55,0.15
2019-11-26,98.25,1.55,0.16
2019-11-27,98.41000366210938,1.55,0.14
2019-11-29,98.2699966430664,1.55,0.17
2019-12-02,97.86000061035156,1.55,0.22
2019-12-03,97.73999786376952,1.55,0.19
2019-12-04,97.6500015258789,1.55,0.19
2019-12-05,97.41000366210938,1.55,0.22
2019-12-06,97.6999969482422,1.55,0.23
2019-12-09,97.63999938964844,1.55,0.2
2019-12-10,97.41000366210938,1.55,0.2
2019-12-11,97.16000366210938,1.55,0.18
2019-12-12,97.4000015258789,1.55,0.24
2019-12-13,97.16999816894533,1.55,0.21
2019-12-16,97.06999969482422,1.55,0.24
2019-12-17,97.20999908447266,1.55,0.26
2019-12-18,97.41000366210938,1.55,0.29
2019-12-19,97.41999816894533,1.55,0.3
2019-12-20,97.70999908447266,1.55,0.29
2019-12-23,97.66000366210938,1.55,0.29
2019-12-24,97.6500015258789,1.55,0.28
2019-12-26,97.58999633789062,1.55,0.26
2019-12-27,96.91999816894533,1.55,0.29
2019-12-30,96.73999786376952,1.55,0.32
2019-12-31,96.38999938964844,1.55,0.34
2020-01-02,96.8499984741211,1.55,0.3
2020-01-03,96.83999633789062,1.55,0.27
2020-01-06,96.66999816894533,1.55,0.27
2020-01-07,96.9800033569336,1.55,0.29
2020-01-08,97.3000030517578,1.55,0.29
2020-01-09,97.4499969482422,1.55,0.27
2020-01-10,97.36000061035156,1.55,0.27
2020-01-13,97.3499984741211,1.55,0.27
2020-01-14,97.37000274658205,1.55,0.24
2020-01-15,97.2300033569336,1.55,0.23
2020-01-16,97.31999969482422,1.55,0.23
2020-01-17,97.61000061035156,1.55,0.26
2020-01-21,97.52999877929688,1.55,0.25
2020-01-22,97.52999877929688,1.55,0.24
2020-01-23,97.69000244140624,1.55,0.23
2020-01-24,97.8499984741211,1.55,0.21
2020-01-27,97.95999908447266,1.55,0.17
2020-01-28,98.0199966430664,1.55,0.2
2020-01-29,97.98999786376952,1.55,0.18
2020-01-30,97.87000274658205,1.55,0.16
2020-01-31,97.38999938964844,1.55,0.18
2020-02-03,97.8000030517578,1.55,0.18
2020-02-04,97.95999908447266,1.55,0.2
2020-02-05,98.2699966430664,1.55,0.22
2020-02-06,98.5,1.55,0.21
2020-02-07,98.68000030517578,1.55,0.18
2020-02-10,98.83000183105467,1.55,0.19
2020-02-11,98.72000122070312,1.55,0.18
2020-02-12,99.0500030517578,1.55,0.18
2020-02-13,99.06999969482422,1.55,0.17
2020-02-14,99.12000274658205,1.55,0.17
2020-02-18,99.45999908447266,1.55,0.14
2020-02-19,99.5999984741211,1.55,0.14
2020-02-20,99.87000274658205,1.55,0.13
2020-02-21,99.26000213623048,1.55,0.12
2020-02-24,99.29000091552734,1.55,0.12
2020-02-25,98.97000122070312,1.55,0.13
2020-02-26,99.0,1.55,0.17
2020-02-27,98.44000244140624,1.55,0.19
2020-02-28,98.12999725341795,1.55,0.27
2020-03-02,97.36000061035156,1.55,0.26
2020-03-03,97.1500015258789,1.55,0.31
2020-03-04,97.33999633789062,1.55,0.35
2020-03-05,96.81999969482422,1.55,0.33
2020-03-06,95.9499969482422,1.55,0.25
2020-03-09,94.9000015258789,1.55,0.16
2020-03-10,96.41000366210938,1.55,0.26
2020-03-11,96.51000213623048,1.55,0.32
2020-03-12,97.47000122070312,1.55,0.38
2020-03-13,98.75,1.55,0.45
2020-03-16,98.08999633789062,1.55,0.37
2020-03-17,99.58000183105467,1.55,0.55
2020-03-18,101.16000366210938,1.55,0.64
2020-03-19,102.76000213623048,1.55,0.68
2020-03-20,102.81999969482422,1.55,0.55
2020-03-23,102.48999786376952,1.55,0.48
2020-03-24,101.73999786376952,1.55,0.46
2020-03-25,101.0500030517578,1.55,0.54
2020-03-26,99.41999816894533,1.55,0.53
2020-03-27,98.37000274658205,1.55,0.47
2020-03-30,99.18000030517578,1.55,0.47
2020-03-31,99.0500030517578,1.55,0.47
2020-04-01,99.66999816894533,0.05,0.39
2020-04-02,100.18000030517578,0.05,0.4
2020-04-03,100.58000183105467,0.05,0.39
2020-04-06,100.69000244140624,0.05,0.4
2020-04-07,99.9800033569336,0.05,0.47
2020-04-08,100.12000274658205,0.05,0.5
2020-04-09,99.5199966430664,0.05,0.5
2020-04-13,99.3499984741211,0.05,0.51
2020-04-14,98.88999938964844,0.05,0.53
2020-04-15,99.45999908447266,0.05,0.43
2020-04-16,100.02999877929688,0.05,0.41
2020-04-17,99.77999877929688,0.05,0.45
2020-04-20,99.95999908447266,0.05,0.43
2020-04-21,100.26000213623048,0.05,0.38
2020-04-22,100.38999938964844,0.05,0.41
2020-04-23,100.43000030517578,0.05,0.39
2020-04-24,100.37999725341795,0.05,0.38
2020-04-27,100.04000091552734,0.05,0.43
2020-04-28,99.87000274658205,0.05,0.42
2020-04-29,99.56999969482422,0.05,0.43
2020-04-30,99.0199966430664,0.05,0.44
2020-05-01,98.8000030517578,0.05,0.44
2020-05-04,99.4800033569336,0.05,0.45
2020-05-05,99.70999908447266,0.05,0.47
2020-05-06,100.08999633789062,0.05,0.55
2020-05-07,99.88999938964844,0.05,0.5
2020-05-08,99.7300033569336,0.05,0.53
2020-05-11,100.23999786376952,0.05,0.56
2020-05-12,99.93000030517578,0.05,0.52
2020-05-13,100.23999786376952,0.05,0.48
2020-05-14,100.47000122070312,0.05,0.47
2020-05-15,100.4000015258789,0.05,0.48
2020-05-18,99.66999816894533,0.05,0.55
2020-05-19,99.37000274658205,0.05,0.53
2020-05-20,99.12000274658205,0.05,0.52
2020-05-21,99.37000274658205,0.05,0.51
2020-05-22,99.86000061035156,0.05,0.49
2020-05-26,98.91000366210938,0.05,0.51
2020-05-27,99.05999755859376,0.05,0.49
2020-05-28,98.37999725341795,0.05,0.53
2020-05-29,98.33999633789062,0.05,0.49
2020-06-01,97.83000183105467,0.08,0.52
2020-06-02,97.66999816894533,0.08,0.51
2020-06-03,97.27999877929688,0.08,0.58
2020-06-04,96.68000030517578,0.08,0.63
2020-06-05,96.94000244140624,0.08,0.69
2020-06-08,96.62000274658205,0.08,0.66
2020-06-09,96.31999969482422,0.08,0.64
2020-06-10,95.95999908447266,0.08,0.58
2020-06-11,96.7300033569336,0.08,0.47
2020-06-12,97.31999969482422,0.08,0.52
2020-06-15,96.68000030517578,0.08,0.52
2020-06-16,96.95999908447266,0.08,0.54
2020-06-17,97.16000366210938,0.08,0.55
2020-06-18,97.41999816894533,0.08,0.52
2020-06-19,97.62000274658205,0.08,0.51
2020-06-22,97.04000091552734,0.08,0.52
2020-06-23,96.69000244140624,0.08,0.54
2020-06-24,97.1500015258789,0.08,0.5
2020-06-25,97.43000030517578,0.08,0.51
2020-06-26,97.5,0.08,0.47
2020-06-29,97.54000091552734,0.08,0.48
2020-06-30,97.38999938964844,0.08,0.5
2020-07-01,97.1999969482422,0.09,0.52
2020-07-02,97.31999969482422,0.09,0.52
2020-07-06,96.79000091552734,0.09,0.53
2020-07-07,96.87999725341795,0.09,0.49
2020-07-08,96.43000030517578,0.09,0.51
2020-07-09,96.6999969482422,0.09,0.46
2020-07-10,96.6500015258789,0.09,0.49
2020-07-13,96.45999908447266,0.09,0.48
2020-07-14,96.26000213623048,0.09,0.49
2020-07-15,96.08000183105467,0.09,0.48
2020-07-16,96.3499984741211,0.09,0.46
2020-07-17,95.94000244140624,0.09,0.5
2020-07-20,95.83000183105467,0.09,0.46
2020-07-21,95.12000274658205,0.09,0.47
2020-07-22,94.97000122070312,0.09,0.46
2020-07-23,94.69000244140624,0.09,0.43
2020-07-24,94.44000244140624,0.09,0.45
2020-07-27,93.66999816894533,0.09,0.47
2020-07-28,93.76000213623048,0.09,0.45
2020-07-29,93.26000213623048,0.09,0.46
2020-07-30,93.0199966430664,0.09,0.44
2020-07-31,93.48999786376952,0.09,0.44
2020-08-03,93.5,0.09,0.45
2020-08-04,93.37999725341795,0.09,0.41
2020-08-05,92.83000183105467,0.09,0.44
2020-08-06,92.79000091552734,0.09,0.44
2020-08-07,93.44000244140624,0.09,0.44
2020-08-10,93.58000183105467,0.09,0.45
2020-08-11,93.62999725341795,0.09,0.48
2020-08-12,93.44000244140624,0.09,0.53
2020-08-13,93.33999633789062,0.09,0.55
2020-08-14,93.0999984741211,0.09,0.57
2020-08-17,92.8499984741211,0.09,0.55
2020-08-18,92.2699966430664,0.09,0.53
2020-08-19,92.88999938964844,0.09,0.54
2020-08-20,92.79000091552734,0.09,0.52
2020-08-21,93.25,0.09,0.48
2020-08-24,93.3000030517578,0.09,0.51
2020-08-25,93.0199966430664,0.09,0.54
2020-08-26,93.01000213623048,0.09,0.53
2020-08-27,93.01000213623048,0.09,0.58
2020-08-28,92.37000274658205,0.09,0.6
2020-08-31,92.13999938964844,0.09,0.58
2020-09-01,92.33999633789062,0.09,0.55
2020-09-02,92.8499984741211,0.09,0.52
2020-09-03,92.73999786376952,0.09,0.5
2020-09-04,92.72000122070312,0.09,0.58
2020-09-08,93.4800033569336,0.09,0.55
2020-09-09,93.26000213623048,0.09,0.57
2020-09-10,93.33999633789062,0.09,0.54
2020-09-11,93.33000183105467,0.09,0.54
2020-09-14,93.06999969482422,0.09,0.54
2020-09-15,93.0500030517578,0.09,0.54
2020-09-16,93.20999908447266,0.09,0.55
2020-09-17,92.97000122070312,0.09,0.56
2020-09-18,92.93000030517578,0.09,0.56
2020-09-21,93.54000091552734,0.09,0.54
2020-09-22,93.98999786376952,0.09,0.55
2020-09-23,94.38999938964844,0.09,0.54
2020-09-24,94.3499984741211,0.09,0.53
2020-09-25,94.58000183105467,0.09,0.54
2020-09-28,94.26000213623048,0.09,0.53
2020-09-29,93.88999938964844,0.09,0.55
2020-09-30,93.88999938964844,0.09,0.56
2020-10-01,93.70999908447266,0.09,0.54
2020-10-02,93.83999633789062,0.09,0.57
2020-10-05,93.51000213623048,0.09,0.64
2020-10-06,93.83000183105467,0.09,0.62
2020-10-07,93.62999725341795,0.09,0.65
2020-10-08,93.61000061035156,0.09,0.65
2020-10-09,93.05999755859376,0.09,0.63
2020-10-12,93.06999969482422,0.09,0.63
2020-10-13,93.52999877929688,0.09,0.58
2020-10-14,93.37999725341795,0.09,0.59
2020-10-15,93.86000061035156,0.09,0.6
2020-10-16,93.68000030517578,0.09,0.62
2020-10-19,93.43000030517578,0.09,0.62
2020-10-20,93.06999969482422,0.09,0.67
2020-10-21,92.61000061035156,0.09,0.69
2020-10-22,92.9499969482422,0.09,0.71
2020-10-23,92.7699966430664,0.09,0.67
2020-10-26,93.0500030517578,0.09,0.65
2020-10-27,92.94000244140624,0.09,0.63
2020-10-28,93.41000366210938,0.09,0.63
2020-10-29,93.95999908447266,0.09,0.69
2020-10-30,94.04000091552734,0.09,0.74
2020-11-02,94.0500030517578,0.09,0.71
2020-11-03,93.5500030517578,0.09,0.73
2020-11-04,93.41000366210938,0.09,0.64
2020-11-05,92.52999877929688,0.09,0.65
2020-11-06,92.2300033569336,0.09,0.67
2020-11-09,92.7300033569336,0.09,0.79
2020-11-10,92.75,0.09,0.79
2020-11-11,93.04000091552734,0.09,0.79
2020-11-12,92.95999908447266,0.09,0.71
2020-11-13,92.76000213623048,0.09,0.72
2020-11-16,92.56999969482422,0.09,0.72
2020-11-17,92.41999816894533,0.09,0.69
2020-11-18,92.31999969482422,0.09,0.72
2020-11-19,92.29000091552734,0.09,0.68
2020-11-20,92.38999938964844,0.09,0.67
2020-11-23,92.51000213623048,0.09,0.7
2020-11-24,92.2300033569336,0.09,0.72
2020-11-25,91.98999786376952,0.09,0.71
2020-11-27,91.79000091552734,0.09,0.68
2020-11-30,91.87000274658205,0.09,0.68
2020-12-01,91.30999755859376,0.09,0.75
2020-12-02,91.12000274658205,0.09,0.79
2020-12-03,90.70999908447266,0.09,0.76
2020-12-04,90.6999969482422,0.09,0.81
2020-12-07,90.79000091552734,0.09,0.8
2020-12-08,90.97000122070312,0.09,0.78
2020-12-09,91.08999633789062,0.09,0.79
2020-12-10,90.79000091552734,0.09,0.78
2020-12-11,90.9800033569336,0.09,0.79
2020-12-14,90.70999908447266,0.09,0.77
2020-12-15,90.47000122070312,0.09,0.81
2020-12-16,90.4499969482422,0.09,0.79
2020-12-17,89.81999969482422,0.09,0.81
2020-12-18,90.0199966430664,0.09,0.82
2020-12-21,90.04000091552734,0.09,0.82
2020-12-22,90.6500015258789,0.09,0.8
2020-12-23,90.41000366210938,0.09,0.83
2020-12-24,90.33000183105467,0.09,0.81
2020-12-28,90.33999633789062,0.09,0.81
2020-12-29,90.01000213623047,0.09,0.82
2020-12-30,89.62999725341797,0.09,0.81
2020-12-31,89.94000244140625,0.09,0.8
2021-01-04,89.87999725341797,0.09,0.82
2021-01-05,89.44000244140625,0.09,0.83
2021-01-06,89.52999877929688,0.09,0.9
2021-01-07,89.83000183105469,0.09,0.94
2021-01-08,90.0999984741211,0.09,0.99
2021-01-11,90.54000091552734,0.09,1.01
2021-01-12,90.05000305175781,0.09,1.01
2021-01-13,90.31999969482422,0.09,0.96
2021-01-14,90.23999786376952,0.09,0.99
2021-01-15,90.77999877929688,0.09,0.98
2021-01-19,90.5,0.09,0.96
2021-01-20,90.47000122070312,0.09,0.97
2021-01-21,90.12999725341795,0.09,0.99
2021-01-22,90.23999786376952,0.09,0.97
2021-01-25,90.38999938964844,0.09,0.92
2021-01-26,90.16999816894533,0.09,0.94
2021-01-27,90.6500015258789,0.09,0.92
2021-01-28,90.45999908447266,0.09,0.95
2021-01-29,90.58000183105467,0.09,1.0
2021-02-01,91.0199966430664,0.08,0.98
2021-02-02,91.1999969482422,0.08,1.01
2021-02-03,91.12000274658205,0.08,1.04
2021-02-04,91.52999877929688,0.08,1.04
2021-02-05,91.04000091552734,0.08,1.1
2021-02-08,90.93000030517578,0.08,1.08
2021-02-09,90.44000244140624,0.08,1.07
2021-02-10,90.37000274658205,0.08,1.04
2021-02-11,90.41999816894533,0.08,1.05
2021-02-12,90.4800033569336,0.08,1.09
2021-02-16,90.51000213623048,0.08,1.17
2021-02-17,90.9499969482422,0.08,1.18
2021-02-18,90.58999633789062,0.08,1.18
2021-02-19,90.36000061035156,0.08,1.23
2021-02-22,90.01000213623047,0.08,1.26
2021-02-23,90.16999816894533,0.08,1.26
2021-02-24,90.18000030517578,0.08,1.26
2021-02-25,90.12999725341795,0.08,1.37
2021-02-26,90.93000030517578,0.08,1.3
2021-03-01,91.04000091552734,0.07,1.32
2021-03-02,90.79000091552734,0.07,1.29
2021-03-03,90.9499969482422,0.07,1.33
2021-03-04,91.62999725341795,0.07,1.4
2021-03-05,91.9800033569336,0.07,1.42
2021-03-08,92.30999755859376,0.07,1.42
2021-03-09,91.95999908447266,0.07,1.38
2021-03-10,91.79000091552734,0.07,1.37
2021-03-11,91.41999816894533,0.07,1.4
2021-03-12,91.68000030517578,0.07,1.5
2021-03-15,91.83000183105467,0.07,1.48
2021-03-16,91.87000274658205,0.07,1.47
2021-03-17,91.4000015258789,0.07,1.5
2021-03-18,91.8499984741211,0.07,1.55
2021-03-19,91.91999816894533,0.07,1.58
2021-03-22,91.8000030517578,0.07,1.54
2021-03-23,92.33999633789062,0.07,1.48
2021-03-24,92.52999877929688,0.07,1.48
2021-03-25,92.87999725341795,0.07,1.49
2021-03-26,92.7699966430664,0.07,1.53
2021-03-29,92.94000244140624,0.07,1.59
2021-03-30,93.3000030517578,0.07,1.57
2021-03-31,93.2300033569336,0.07,1.58
2021-04-01,92.93000030517578,0.07,1.52
2021-04-05,92.5999984741211,0.07,1.56
2021-04-06,92.33999633789062,0.07,1.51
2021-04-07,92.45999908447266,0.07,1.52
2021-04-08,92.05999755859376,0.07,1.5
2021-04-09,92.16000366210938,0.07,1.51
2021-04-12,92.13999938964844,0.07,1.51
2021-04-13,91.8499984741211,0.07,1.48
2021-04-14,91.69000244140624,0.07,1.48
2021-04-15,91.66999816894533,0.07,1.4
2021-04-16,91.55999755859376,0.07,1.43
2021-04-19,91.06999969482422,0.07,1.45
2021-04-20,91.23999786376952,0.07,1.43
2021-04-21,91.16000366210938,0.07,1.42
2021-04-22,91.33000183105467,0.07,1.41
2021-04-23,90.86000061035156,0.07,1.42
2021-04-26,90.80999755859376,0.07,1.4
2021-04-27,90.91000366210938,0.07,1.46
2021-04-28,90.61000061035156,0.07,1.46
2021-04-29,90.61000061035156,0.07,1.49
2021-04-30,91.27999877929688,0.07,1.49
2021-05-03,90.9499969482422,0.07,1.47
2021-05-04,91.29000091552734,0.07,1.45
2021-05-05,91.30999755859376,0.07,1.43
2021-05-06,90.9499969482422,0.07,1.42
2021-05-07,90.2300033569336,0.07,1.46
2021-05-10,90.20999908447266,0.07,1.47
2021-05-11,90.13999938964844,0.07,1.48
2021-05-12,90.70999908447266,0.07,1.53
2021-05-13,90.75,0.07,1.5
2021-05-14,90.31999969482422,0.07,1.47
2021-05-17,90.22000122070312,0.07,1.48
2021-05-18,89.75,0.07,1.48
2021-05-19,90.19000244140624,0.07,1.52
2021-05-20,89.80999755859375,0.07,1.48
2021-05-21,90.0199966430664,0.07,1.46
2021-05-24,89.83000183105469,0.07,1.46
2021-05-25,89.63999938964844,0.07,1.41
2021-05-26,90.04000091552734,0.07,1.44
2021-05-27,89.97000122070312,0.07,1.47
2021-05-28,90.02999877929688,0.07,1.44
2021-06-01,89.83000183105469,0.08,1.46
2021-06-02,89.9000015258789,0.08,1.46
2021-06-03,90.5,0.08,1.47
2021-06-04,90.13999938964844,0.08,1.42
2021-06-07,89.94999694824219,0.08,1.41
2021-06-08,90.08000183105467,0.08,1.39
2021-06-09,90.12000274658205,0.08,1.34
2021-06-10,90.08000183105467,0.08,1.31
2021-06-11,90.55999755859376,0.08,1.31
2021-06-14,90.5199966430664,0.08,1.35
2021-06-15,90.54000091552734,0.08,1.35
2021-06-16,91.12999725341795,0.08,1.36
2021-06-17,91.88999938964844,0.08,1.29
2021-06-18,92.2300033569336,0.08,1.19
2021-06-21,91.86000061035156,0.08,1.23
2021-06-22,91.7300033569336,0.08,1.23
2021-06-23,91.8000030517578,0.08,1.24
2021-06-24,91.81999969482422,0.08,1.23
2021-06-25,91.80999755859376,0.08,1.26
2021-06-28,91.87999725341795,0.08,1.24
2021-06-29,92.0500030517578,0.08,1.22
2021-06-30,92.44000244140624,0.08,1.2
2021-07-01,92.5999984741211,0.1,1.23
2021-07-02,92.2300033569336,0.1,1.2
2021-07-06,92.5500030517578,0.1,1.15
2021-07-07,92.63999938964844,0.1,1.11
2021-07-08,92.36000061035156,0.1,1.11
2021-07-09,92.12999725341795,0.1,1.14
2021-07-12,92.2300033569336,0.1,1.15
2021-07-13,92.75,0.1,1.16
2021-07-14,92.41000366210938,0.1,1.14
2021-07-15,92.62000274658205,0.1,1.08
2021-07-16,92.69000244140624,0.1,1.06
2021-07-19,92.88999938964844,0.1,0.98
2021-07-20,92.97000122070312,0.1,1.03
2021-07-21,92.75,0.1,1.08
2021-07-22,92.81999969482422,0.1,1.07
2021-07-23,92.91000366210938,0.1,1.08
2021-07-26,92.6500015258789,0.1,1.07
2021-07-27,92.43000030517578,0.1,1.05
2021-07-28,92.31999969482422,0.1,1.06
2021-07-29,91.86000061035156,0.1,1.08
2021-07-30,92.16999816894533,0.1,1.05
2021-08-02,92.0500030517578,0.1,1.03
2021-08-03,92.08000183105467,0.1,1.02
2021-08-04,92.2699966430664,0.1,1.02
2021-08-05,92.23999786376952,0.1,1.02
2021-08-06,92.8000030517578,0.1,1.1
2021-08-09,92.9499969482422,0.1,1.1
2021-08-10,93.05999755859376,0.1,1.12
2021-08-11,92.91000366210938,0.1,1.12
2021-08-12,93.04000091552734,0.1,1.13
2021-08-13,92.5199966430664,0.1,1.06
2021-08-16,92.62999725341795,0.1,1.05
2021-08-17,93.12999725341795,0.1,1.03
2021-08-18,93.13999938964844,0.1,1.04
2021-08-19,93.56999969482422,0.1,1.02
2021-08-20,93.5,0.1,1.03
2021-08-23,92.95999908447266,0.1,1.02
2021-08-24,92.88999938964844,0.1,1.05
2021-08-25,92.83000183105467,0.1,1.12
2021-08-26,93.05999755859376,0.1,1.09
2021-08-27,92.69000244140624,0.1,1.09
2021-08-30,92.6500015258789,0.1,1.09
2021-08-31,92.62999725341795,0.1,1.1
2021-09-01,92.4499969482422,0.08,1.11
2021-09-02,92.2300033569336,0.08,1.09
2021-09-03,92.04000091552734,0.08,1.12
2021-09-07,92.5199966430664,0.08,1.16
2021-09-08,92.6500015258789,0.08,1.13
2021-09-09,92.4800033569336,0.08,1.07
2021-09-10,92.58000183105467,0.08,1.12
2021-09-13,92.62000274658205,0.08,1.12
2021-09-14,92.6500015258789,0.08,1.07
2021-09-15,92.48999786376952,0.08,1.1
2021-09-16,92.86000061035156,0.08,1.11
2021-09-17,93.1999969482422,0.08,1.14
2021-09-20,93.23999786376952,0.08,1.08
2021-09-21,93.1999969482422,0.08,1.11
2021-09-22,93.45999908447266,0.08,1.07
2021-09-23,93.0999984741211,0.08,1.14
2021-09-24,93.33000183105467,0.08,1.18
2021-09-27,93.37999725341795,0.08,1.17
2021-09-28,93.7699966430664,0.08,1.23
2021-09-29,94.33999633789062,0.08,1.25
2021-09-30,94.25,0.08,1.24
2021-10-01,94.04000091552734,0.08,1.21
2021-10-04,93.80999755859376,0.08,1.22
2021-10-05,93.9800033569336,0.08,1.26
2021-10-06,94.2699966430664,0.08,1.23
2021-10-07,94.22000122070312,0.08,1.26
2021-10-08,94.06999969482422,0.08,1.29
2021-10-11,94.31999969482422,0.08,1.29
2021-10-12,94.5199966430664,0.08,1.24
2021-10-13,94.08000183105467,0.08,1.19
2021-10-14,93.95999908447266,0.08,1.16
2021-10-15,93.94000244140624,0.08,1.18
2021-10-18,93.9499969482422,0.08,1.15
2021-10-19,93.79000091552734,0.08,1.24
2021-10-20,93.55999755859376,0.08,1.25
2021-10-21,93.7699966430664,0.08,1.23
2021-10-22,93.61000061035156,0.08,1.18
2021-10-25,93.80999755859376,0.08,1.17
2021-10-26,93.9499969482422,0.08,1.16
2021-10-27,93.86000061035156,0.08,1.04
2021-10-28,93.3499984741211,0.08,1.07
2021-10-29,94.12000274658205,0.08,1.07
2021-11-01,93.87999725341795,0.08,1.08
2021-11-02,94.08999633789062,0.08,1.1
2021-11-03,93.86000061035156,0.08,1.13
2021-11-04,94.3499984741211,0.08,1.12
2021-11-05,94.31999969482422,0.08,1.06
2021-11-08,94.0500030517578,0.08,1.06
2021-11-09,93.95999908447266,0.08,1.05
2021-11-10,94.8499984741211,0.08,1.05
2021-11-11,95.18000030517578,0.08,1.05
2021-11-12,95.12999725341795,0.08,1.05
2021-11-15,95.41000366210938,0.08,1.1
2021-11-16,95.91999816894533,0.08,1.09
2021-11-17,95.83000183105467,0.08,1.08
2021-11-18,95.54000091552734,0.08,1.07
2021-11-19,96.06999969482422,0.08,1.02
2021-11-22,96.5,0.08,1.0
2021-11-23,96.48999786376952,0.08,1.07
2021-11-24,96.83999633789062,0.08,1.0
2021-11-26,96.08999633789062,0.08,0.98
2021-11-29,96.33999633789062,0.08,1.01
2021-11-30,95.98999786376952,0.08,0.91
2021-12-01,96.0500030517578,0.08,0.87
2021-12-02,96.12999725341795,0.08,0.81
2021-12-03,96.12000274658205,0.08,0.75
2021-12-06,96.29000091552734,0.08,0.78
2021-12-07,96.37000274658205,0.08,0.78
2021-12-08,95.88999938964844,0.08,0.84
2021-12-09,96.2699966430664,0.08,0.79
2021-12-10,96.0500030517578,0.08,0.81
2021-12-13,96.31999969482422,0.08,0.76
2021-12-14,96.56999969482422,0.08,0.77
2021-12-15,96.51000213623048,0.08,0.78
2021-12-16,96.04000091552734,0.08,0.8
2021-12-17,96.56999969482422,0.08,0.75
2021-12-20,96.5500030517578,0.08,0.78
2021-12-21,96.48999786376952,0.08,0.78
2021-12-22,96.08000183105467,0.08,0.78
2021-12-23,96.0199966430664,0.08,0.79
2021-12-27,96.08999633789062,0.08,0.72
2021-12-28,96.1999969482422,0.08,0.75
2021-12-29,95.93000030517578,0.08,0.8
2021-12-30,95.97000122070312,0.08,0.79
2021-12-31,95.66999816894533,0.08,0.79
2022-01-03,96.23999786376952,0.08,0.85
2022-01-04,96.29000091552734,0.08,0.89
2022-01-05,96.19000244140624,0.08,0.88
2022-01-06,96.25,0.08,0.85
2022-01-07,95.73999786376952,0.08,0.89
2022-01-10,95.98999786376952,0.08,0.86
2022-01-11,95.62000274658205,0.08,0.85
2022-01-12,95.0,0.08,0.82
2022-01-13,94.79000091552734,0.08,0.79
2022-01-14,95.16999816894533,0.08,0.79
2022-01-18,95.7300033569336,0.08,0.81
2022-01-19,95.51000213623048,0.08,0.79
2022-01-20,95.73999786376952,0.08,0.75
2022-01-21,95.63999938964844,0.08,0.74
2022-01-24,95.91999816894533,0.08,0.76
2022-01-25,95.9499969482422,0.08,0.76
2022-01-26,96.48999786376952,0.08,0.72
2022-01-27,97.26000213623048,0.08,0.63
2022-01-28,97.2699966430664,0.08,0.63
2022-01-31,96.54000091552734,0.08,0.61
2022-02-01,96.38999938964844,0.08,0.63
2022-02-02,95.94000244140624,0.08,0.62
2022-02-03,95.37999725341795,0.08,0.63
2022-02-04,95.4800033569336,0.08,0.62
2022-02-07,95.4000015258789,0.08,0.62
2022-02-08,95.63999938964844,0.08,0.61
2022-02-09,95.48999786376952,0.08,0.58
2022-02-10,95.5500030517578,0.08,0.42
2022-02-11,96.08000183105467,0.08,0.42
2022-02-14,96.37000274658205,0.08,0.4
2022-02-15,95.98999786376952,0.08,0.47
2022-02-16,95.6999969482422,0.08,0.51
2022-02-17,95.8000030517578,0.08,0.48
2022-02-18,96.04000091552734,0.08,0.45
2022-02-22,96.02999877929688,0.08,0.38
2022-02-23,96.19000244140624,0.08,0.41
2022-02-24,97.13999938964844,0.08,0.42
2022-02-25,96.62000274658205,0.08,0.42
2022-02-28,96.70999908447266,0.08,0.39
2022-03-01,97.41000366210938,0.2,0.41
2022-03-02,97.38999938964844,0.2,0.36
2022-03-03,97.79000091552734,0.2,0.33
2022-03-04,98.6500015258789,0.2,0.24
2022-03-07,99.29000091552734,0.2,0.23
2022-03-08,99.05999755859376,0.2,0.23
2022-03-09,97.97000122070312,0.2,0.26
2022-03-10,98.51000213623048,0.2,0.26
2022-03-11,99.12000274658205,0.2,0.25
2022-03-14,99.05999755859376,0.2,0.27
2022-03-15,99.06999969482422,0.2,0.3
2022-03-16,98.37999725341795,0.2,0.24
2022-03-17,98.01000213623048,0.2,0.26
2022-03-18,98.2300033569336,0.2,0.17
2022-03-21,98.5,0.2,0.18
2022-03-22,98.48999786376952,0.2,0.2
2022-03-23,98.62000274658205,0.2,0.19
2022-03-24,98.79000091552734,0.2,0.21
2022-03-25,98.80999755859376,0.2,0.18
2022-03-28,99.08999633789062,0.2,0.11
2022-03-29,98.4000015258789,0.2,0.06
2022-03-30,97.79000091552734,0.2,0.04
2022-03-31,98.30999755859376,0.2,0.04
2022-04-01,98.62999725341795,0.33,-0.05
2022-04-04,98.98999786376952,0.33,-0.01
2022-04-05,99.47000122070312,0.33,0.03
2022-04-06,99.5999984741211,0.33,0.11
2022-04-07,99.75,0.33,0.19
2022-04-08,99.8000030517578,0.33,0.19
2022-04-11,99.93000030517578,0.33,0.29
2022-04-12,100.29000091552734,0.33,0.33
2022-04-13,99.87999725341795,0.33,0.33
2022-04-14,100.31999969482422,0.33,0.36
2022-04-18,100.77999877929688,0.33,0.39
2022-04-19,100.95999908447266,0.33,0.32
2022-04-20,100.38999938964844,0.33,0.25
2022-04-21,100.58000183105467,0.33,0.22
2022-04-22,101.22000122070312,0.33,0.18
2022-04-25,101.75,0.33,0.18
2022-04-26,102.3000030517578,0.33,0.23
2022-04-27,102.9499969482422,0.33,0.24
2022-04-28,103.62000274658205,0.33,0.22
2022-04-29,102.95999908447266,0.33,0.19
2022-05-02,103.73999786376952,0.33,0.26
2022-05-03,103.47000122070312,0.33,0.19
2022-05-04,102.58999633789062,0.33,0.27
2022-05-05,103.75,0.33,0.34
2022-05-06,103.66000366210938,0.33,0.4
2022-05-09,103.6500015258789,0.33,0.44
2022-05-10,103.91999816894533,0.33,0.37
2022-05-11,103.8499984741211,0.33,0.25
2022-05-12,104.8499984741211,0.33,0.28
2022-05-13,104.55999755859376,0.33,0.32
2022-05-16,104.19000244140624,0.33,0.3
2022-05-17,103.36000061035156,0.33,0.27
2022-05-18,103.80999755859376,0.33,0.21
2022-05-19,102.72000122070312,0.33,0.21
2022-05-20,103.1500015258789,0.33,0.18
2022-05-23,102.08000183105467,0.33,0.21
2022-05-24,101.86000061035156,0.33,0.26
2022-05-25,102.05999755859376,0.33,0.27
2022-05-26,101.83000183105467,0.33,0.29
2022-05-27,101.66999816894533,0.33,0.27
2022-05-31,101.75,0.33,0.32
2022-06-01,102.5500030517578,1.21,0.28
2022-06-02,101.7699966430664,1.21,0.27
2022-06-03,102.13999938964844,1.21,0.3
2022-06-06,102.44000244140624,1.21,0.31
2022-06-07,102.31999969482422,1.21,0.23
2022-06-08,102.54000091552734,1.21,0.25
2022-06-09,103.22000122070312,1.21,0.21
2022-06-10,104.1500015258789,1.21,0.09
2022-06-13,105.08000183105467,1.21,0.03
2022-06-14,105.5199966430664,1.21,0.04
2022-06-15,105.16000366210938,1.21,0.13
2022-06-16,103.62999725341795,1.21,0.14
2022-06-17,104.6999969482422,1.21,0.08
2022-06-21,104.44000244140624,1.21,0.1
2022-06-22,104.1999969482422,1.21,0.1
2022-06-23,104.43000030517578,1.21,0.08
2022-06-24,104.19000244140624,1.21,0.09
2022-06-27,103.94000244140624,1.21,0.12
2022-06-28,104.51000213623048,1.21,0.1
2022-06-29,105.11000061035156,1.21,0.04
2022-06-30,104.69000244140624,1.21,0.06
2022-07-01,105.13999938964844,1.68,0.04
2022-07-05,106.5,1.68,0.0
2022-07-06,107.0999984741211,1.68,-0.04
2022-07-07,107.12999725341795,1.68,-0.02
2022-07-08,107.01000213623048,1.68,-0.03
2022-07-11,108.0199966430664,1.68,-0.08
2022-07-12,108.06999969482422,1.68,-0.07
2022-07-13,107.95999908447266,1.68,-0.22
2022-07-14,108.54000091552734,1.68,-0.19
2022-07-15,108.05999755859376,1.68,-0.2
2022-07-18,107.37000274658205,1.68,-0.19
2022-07-19,106.68000030517578,1.68,-0.22
2022-07-20,107.08000183105467,1.68,-0.21
2022-07-21,106.91000366210938,1.68,-0.19
2022-07-22,106.7300033569336,1.68,-0.21
2022-07-25,106.4800033569336,1.68,-0.19
2022-07-26,107.19000244140624,1.68,-0.21
2022-07-27,106.4499969482422,1.68,-0.18
2022-07-28,106.3499984741211,1.68,-0.17
2022-07-29,105.9000015258789,1.68,-0.22
2022-08-01,105.4499969482422,2.33,-0.3
2022-08-02,106.23999786376952,2.33,-0.31
2022-08-03,106.51000213623048,2.33,-0.37
2022-08-04,105.69000244140624,2.33,-0.35
2022-08-05,106.62000274658205,2.33,-0.41
2022-08-08,106.44000244140624,2.33,-0.44
2022-08-09,106.37000274658205,2.33,-0.48
2022-08-10,105.1999969482422,2.33,-0.45
2022-08-11,105.08999633789062,2.33,-0.36
2022-08-12,105.62999725341795,2.33,-0.41
2022-08-15,106.5500030517578,2.33,-0.41
2022-08-16,106.5,2.33,-0.43
2022-08-17,106.56999969482422,2.33,-0.39
2022-08-18,107.4800033569336,2.33,-0.34
2022-08-19,108.16999816894533,2.33,-0.27
2022-08-22,109.0500030517578,2.33,-0.29
2022-08-23,108.62000274658205,2.33,-0.24
2022-08-24,108.68000030517578,2.33,-0.25
2022-08-25,108.47000122070312,2.33,-0.32
2022-08-26,108.8000030517578,2.33,-0.33
2022-08-29,108.83999633789062,2.33,-0.3
2022-08-30,108.7699966430664,2.33,-0.35
2022-08-31,108.6999969482422,2.33,-0.3
2022-09-01,109.69000244140624,2.56,-0.25
2022-09-02,109.52999877929688,2.56,-0.2
2022-09-06,110.20999908447266,2.56,-0.17
2022-09-07,109.83999633789062,2.56,-0.18
2022-09-08,109.70999908447266,2.56,-0.19
2022-09-09,109.0,2.56,-0.23
2022-09-12,108.33000183105467,2.56,-0.21
2022-09-13,109.81999969482422,2.56,-0.33
2022-09-14,109.66000366210938,2.56,-0.37
2022-09-15,109.73999786376952,2.56,-0.42
2022-09-16,109.76000213623048,2.56,-0.4
2022-09-19,109.73999786376952,2.56,-0.46
2022-09-20,110.22000122070312,2.56,-0.39
2022-09-21,110.63999938964844,2.56,-0.51
2022-09-22,111.3499984741211,2.56,-0.41
2022-09-23,113.19000244140624,2.56,-0.51
2022-09-26,114.0999984741211,2.56,-0.39
2022-09-27,114.11000061035156,2.56,-0.33
2022-09-28,112.5999984741211,2.56,-0.35
2022-09-29,112.25,2.56,-0.4
2022-09-30,112.12000274658205,2.56,-0.39
2022-10-03,111.75,2.56,-0.45
2022-10-04,110.06999969482422,2.56,-0.48
2022-10-05,111.06999969482422,2.56,-0.39
2022-10-06,112.26000213623048,2.56,-0.4
2022-10-07,112.8000030517578,2.56,-0.41
2022-10-10,113.13999938964844,2.56,-0.41
2022-10-11,113.22000122070312,2.56,-0.37
2022-10-12,113.31999969482422,2.56,-0.37
2022-10-13,112.36000061035156,2.56,-0.5
2022-10-14,113.30999755859376,2.56,-0.48
2022-10-17,112.04000091552734,2.56,-0.43
2022-10-18,112.12999725341795,2.56,-0.42
2022-10-19,112.9800033569336,2.56,-0.41
2022-10-20,112.87999725341795,2.56,-0.38
2022-10-21,112.01000213623048,2.56,-0.28
2022-10-24,111.98999786376952,2.56,-0.25
2022-10-25,110.9499969482422,2.56,-0.32
2022-10-26,109.6999969482422,2.56,-0.35
2022-10-27,110.58999633789062,2.56,-0.34
2022-10-28,110.66999816894533,2.56,-0.39
2022-10-31,111.52999877929688,2.56,-0.41
2022-11-01,111.4800033569336,3.78,-0.47
2022-11-02,111.3499984741211,3.78,-0.51
2022-11-03,112.93000030517578,3.78,-0.57
2022-11-04,110.87999725341795,3.78,-0.49
2022-11-07,110.12000274658205,3.78,-0.5
2022-11-08,109.62000274658205,3.78,-0.53
2022-11-09,110.5500030517578,3.78,-0.49
2022-11-10,108.20999908447266,3.78,-0.52
2022-11-11,106.29000091552734,3.78,-0.52
2022-11-14,106.66000366210938,3.78,-0.52
2022-11-15,106.4000015258789,3.78,-0.57
2022-11-16,106.27999877929688,3.78,-0.68
2022-11-17,106.69000244140624,3.78,-0.66
2022-11-18,106.93000030517578,3.78,-0.69
2022-11-21,107.83999633789062,3.78,-0.65
2022-11-22,107.22000122070312,3.78,-0.71
2022-11-23,106.08000183105467,3.78,-0.75
2022-11-25,105.95999908447266,3.78,-0.74
2022-11-28,106.68000030517578,3.78,-0.77
2022-11-29,106.81999969482422,3.78,-0.73
2022-11-30,105.9499969482422,3.78,-0.7
2022-12-01,104.7300033569336,4.1,-0.72
2022-12-02,104.5500030517578,4.1,-0.77
2022-12-05,105.29000091552734,4.1,-0.81
2022-12-06,105.58000183105467,4.1,-0.83
2022-12-07,105.0999984741211,4.1,-0.84
2022-12-08,104.7699966430664,4.1,-0.83
2022-12-09,104.80999755859376,4.1,-0.76
2022-12-12,105.12999725341795,4.1,-0.78
2022-12-13,103.9800033569336,4.1,-0.71
2022-12-14,103.7699966430664,4.1,-0.74
2022-12-15,104.55999755859376,4.1,-0.79
2022-12-16,104.6999969482422,4.1,-0.69
2022-12-19,104.72000122070312,4.1,-0.68
2022-12-20,103.97000122070312,4.1,-0.56
2022-12-21,104.16000366210938,4.1,-0.53
2022-12-22,104.43000030517578,4.1,-0.57
2022-12-23,104.30999755859376,4.1,-0.56
2022-12-27,104.18000030517578,4.1,-0.48
2022-12-28,104.45999908447266,4.1,-0.43
2022-12-29,103.83999633789062,4.1,-0.51
2022-12-30,103.5199966430664,4.1,-0.53
2023-01-03,104.5199966430664,4.1,-0.61
2023-01-04,104.25,4.1,-0.67
2023-01-05,105.04000091552734,4.1,-0.74
2023-01-06,103.87999725341795,4.1,-0.69
2023-01-09,103.0,4.1,-0.66
2023-01-10,103.23999786376952,4.1,-0.63
2023-01-11,103.19000244140624,4.1,-0.66
2023-01-12,102.25,4.1,-0.69
2023-01-13,102.1999969482422,4.1,-0.73
2023-01-17,102.38999938964844,4.1,-0.65
2023-01-18,102.36000061035156,4.1,-0.69
2023-01-19,102.05999755859376,4.1,-0.7
2023-01-20,102.01000213623048,4.1,-0.66
2023-01-23,102.13999938964844,4.1,-0.69
2023-01-24,101.91999816894533,4.1,-0.66
2023-01-25,101.63999938964844,4.1,-0.65
2023-01-26,101.83999633789062,4.1,-0.68
2023-01-27,101.93000030517578,4.1,-0.67
2023-01-30,102.27999877929688,4.1,-0.7
2023-01-31,102.0999984741211,4.1,-0.69
2023-02-01,101.22000122070312,4.57,-0.7
2023-02-02,101.75,4.57,-0.69
2023-02-03,102.91999816894533,4.57,-0.77
2023-02-06,103.62000274658205,4.57,-0.81
2023-02-07,103.43000030517578,4.57,-0.8
2023-02-08,103.41000366210938,4.57,-0.82
2023-02-09,103.22000122070312,4.57,-0.81
2023-02-10,103.62999725341795,4.57,-0.76
2023-02-13,103.3499984741211,4.57,-0.8
2023-02-14,103.2300033569336,4.57,-0.83
2023-02-15,103.91999816894533,4.57,-0.81
2023-02-16,103.86000061035156,4.57,-0.76
2023-02-17,103.86000061035156,4.57,-0.78
2023-02-21,104.18000030517578,4.57,-0.72
2023-02-22,104.58999633789062,4.57,-0.73
2023-02-23,104.5999984741211,4.57,-0.78
2023-02-24,105.20999908447266,4.57,-0.83
2023-02-27,104.66999816894533,4.57,-0.86
2023-02-28,104.87000274658205,4.57,-0.89
2023-03-01,104.4800033569336,4.65,-0.88
2023-03-02,105.02999877929688,4.65,-0.81
2023-03-03,104.5199966430664,4.65,-0.89
2023-03-06,104.3499984741211,4.65,-0.91
2023-03-07,105.62000274658205,4.65,-1.03
2023-03-08,105.66000366210938,4.65,-1.07
2023-03-09,105.30999755859376,4.65,-0.97
2023-03-10,104.58000183105467,4.65,-0.9
2023-03-13,103.5999984741211,4.65,-0.48
2023-03-14,103.5999984741211,4.65,-0.56
2023-03-15,104.6500015258789,4.65,-0.42
2023-03-16,104.41999816894533,4.65,-0.58
2023-03-17,103.70999908447266,4.65,-0.42
2023-03-20,103.27999877929688,4.65,-0.45
2023-03-21,103.26000213623048,4.65,-0.58
2023-03-22,102.3499984741211,4.65,-0.48
2023-03-23,102.52999877929688,4.65,-0.38
2023-03-24,103.12000274658205,4.65,-0.38
2023-03-27,102.86000061035156,4.65,-0.41
2023-03-28,102.43000030517578,4.65,-0.47
2023-03-29,102.63999938964844,4.65,-0.51
2023-03-30,102.13999938964844,4.65,-0.55
2023-03-31,102.51000213623048,4.65,-0.58
2023-04-03,102.08999633789062,4.65,-0.54
2023-04-04,101.58999633789062,4.65,-0.49
2023-04-05,101.8499984741211,4.65,-0.49
2023-04-06,101.81999969482422,4.65,-0.52
2023-04-10,102.58000183105467,4.65,-0.59
2023-04-11,102.1999969482422,4.65,-0.6
2023-04-12,101.5,4.65,-0.54
2023-04-13,101.01000213623048,4.65,-0.51
2023-04-14,101.5500030517578,4.65,-0.56
2023-04-17,102.0999984741211,4.65,-0.58
2023-04-18,101.75,4.65,-0.61
2023-04-19,101.97000122070312,4.65,-0.64
2023-04-20,101.83999633789062,4.65,-0.6
2023-04-21,101.81999969482422,4.65,-0.6
2023-04-24,101.3499984741211,4.65,-0.6
2023-04-25,101.86000061035156,4.65,-0.46
2023-04-26,101.47000122070312,4.65,-0.47
2023-04-27,101.5,4.65,-0.54
2023-04-28,101.66999816894533,4.65,-0.6
2023-05-01,102.1500015258789,5.06,-0.55
2023-05-02,101.95999908447266,5.06,-0.53
2023-05-03,101.33999633789062,5.06,-0.51
2023-05-04,101.4000015258789,5.06,-0.38
2023-05-05,101.20999908447266,5.06,-0.48
2023-05-08,101.37000274658205,5.06,-0.48
2023-05-09,101.61000061035156,5.06,-0.48
2023-05-10,101.4800033569336,5.06,-0.47
2023-05-11,102.05999755859376,5.06,-0.5
2023-05-12,102.68000030517578,5.06,-0.52
2023-05-15,102.43000030517578,5.06,-0.49
2023-05-16,102.55999755859376,5.06,-0.52
2023-05-17,102.87999725341795,5.06,-0.55
2023-05-18,103.58000183105467,5.06,-0.59
2023-05-19,103.1999969482422,5.06,-0.58
2023-05-22,103.1999969482422,5.06,-0.57
2023-05-23,103.48999786376952,5.06,-0.56
2023-05-24,103.88999938964844,5.06,-0.58
2023-05-25,104.20999908447266,5.06,-0.67
2023-05-26,104.20999908447266,5.06,-0.74
2023-05-30,104.16999816894533,5.06,-0.77
2023-05-31,104.31999969482422,5.06,-0.76
2023-06-01,103.55999755859376,5.08,-0.72
2023-06-02,104.0199966430664,5.08,-0.81
2023-06-05,104.0,5.08,-0.77
2023-06-06,104.12999725341795,5.08,-0.81
2023-06-07,104.0999984741211,5.08,-0.77
2023-06-08,103.33999633789062,5.08,-0.79
2023-06-09,103.55999755859376,5.08,-0.84
2023-06-12,103.62999725341795,5.08,-0.82
2023-06-13,103.33999633789062,5.08,-0.83
2023-06-14,103.01000213623048,5.08,-0.91
2023-06-15,102.12000274658205,5.08,-0.9
2023-06-16,102.3000030517578,5.08,-0.93
2023-06-20,102.54000091552734,5.08,-0.94
2023-06-21,102.06999969482422,5.08,-0.96
2023-06-22,102.38999938964844,5.08,-0.97
2023-06-23,102.9000015258789,5.08,-0.97
2023-06-26,102.69000244140624,5.08,-0.93
2023-06-27,102.48999786376952,5.08,-0.97
2023-06-28,102.91000366210938,5.08,-1.0
2023-06-29,103.33999633789062,5.08,-1.02
2023-06-30,102.91000366210938,5.08,-1.06
2023-07-03,102.98999786376952,5.08,-1.08
2023-07-05,103.37000274658205,5.08,-0.99
2023-07-06,103.16999816894533,5.08,-0.94
2023-07-07,102.2699966430664,5.08,-0.88
2023-07-10,101.97000122070312,5.08,-0.84
2023-07-11,101.7300033569336,5.08,-0.89
2023-07-12,100.5199966430664,5.08,-0.86
2023-07-13,99.7699966430664,5.08,-0.83
2023-07-14,99.91000366210938,5.08,-0.91
2023-07-17,99.83999633789062,5.08,-0.93
2023-07-18,99.94000244140624,5.08,-0.94
2023-07-19,100.27999877929688,5.08,-0.99
2023-07-20,100.87999725341795,5.08,-0.95
2023-07-21,101.06999969482422,5.08,-0.98
2023-07-24,101.3499984741211,5.08,-0.95
2023-07-25,101.3499984741211,5.08,-0.94
2023-07-26,100.88999938964844,5.08,-0.96
2023-07-27,101.7699966430664,5.08,-0.9
2023-07-28,101.62000274658205,5.08,-0.91
2023-07-31,101.86000061035156,5.08,-0.91
2023-08-01,102.3000030517578,5.33,-0.87
2023-08-02,102.58999633789062,5.33,-0.8
2023-08-03,102.54000091552734,5.33,-0.7
2023-08-04,102.0199966430664,5.33,-0.73
2023-08-07,102.0500030517578,5.33,-0.67
2023-08-08,102.52999877929688,5.33,-0.72
2023-08-09,102.48999786376952,5.33,-0.79
2023-08-10,102.5199966430664,5.33,-0.73
2023-08-11,102.83999633789062,5.33,-0.73
2023-08-14,103.19000244140624,5.33,-0.77
2023-08-15,103.20999908447266,5.33,-0.71
2023-08-16,103.41999816894533,5.33,-0.69
2023-08-17,103.44000244140624,5.33,-0.64
2023-08-18,103.37999725341795,5.33,-0.66
2023-08-21,103.33000183105467,5.33,-0.63
2023-08-22,103.55999755859376,5.33,-0.68
2023-08-23,103.36000061035156,5.33,-0.76
2023-08-24,103.9800033569336,5.33,-0.75
2023-08-25,104.08000183105467,5.33,-0.78
2023-08-28,104.05999755859376,5.33,-0.78
2023-08-29,103.5500030517578,5.33,-0.75
2023-08-30,103.16000366210938,5.33,-0.78
2023-08-31,103.62000274658205,5.33,-0.76
2023-09-01,104.23999786376952,5.33,-0.69
2023-09-05,104.80999755859376,5.33,-0.67
2023-09-06,104.86000061035156,5.33,-0.71
2023-09-07,105.05999755859376,5.33,-0.67
2023-09-08,105.08999633789062,5.33,-0.72
2023-09-11,104.56999969482422,5.33,-0.68
2023-09-12,104.70999908447266,5.33,-0.71
2023-09-13,104.7699966430664,5.33,-0.71
2023-09-14,105.41000366210938,5.33,-0.71
2023-09-15,105.31999969482422,5.33,-0.69
2023-09-18,105.1999969482422,5.33,-0.73
2023-09-19,105.1999969482422,5.33,-0.71
2023-09-20,105.16000366210938,5.33,-0.77
2023-09-21,105.36000061035156,5.33,-0.63
2023-09-22,105.58000183105467,5.33,-0.66
2023-09-25,106.0,5.33,-0.54
2023-09-26,106.2300033569336,5.33,-0.48
2023-09-27,106.66999816894533,5.33,-0.49
2023-09-28,106.22000122070312,5.33,-0.45
2023-09-29,106.16999816894533,5.33,-0.44
2023-10-02,106.9000015258789,5.33,-0.43
2023-10-03,107.0,5.33,-0.34
2023-10-04,106.8000030517578,5.33,-0.32
2023-10-05,106.33000183105467,5.33,-0.31
2023-10-06,106.04000091552734,5.33,-0.3
2023-10-09,106.08000183105467,5.33,-0.3
2023-10-10,105.83000183105467,5.33,-0.3
2023-10-11,105.81999969482422,5.33,-0.41
2023-10-12,106.56999969482422,5.33,-0.36
2023-10-13,106.6500015258789,5.33,-0.41
2023-10-16,106.23999786376952,5.33,-0.38
2023-10-17,106.25,5.33,-0.36
2023-10-18,106.56999969482422,5.33,-0.28
2023-10-19,106.25,5.33,-0.16
2023-10-20,106.16000366210938,5.33,-0.14
2023-10-23,105.54000091552734,5.33,-0.19
2023-10-24,106.2699966430664,5.33,-0.19
2023-10-25,106.52999877929688,5.33,-0.13
2023-10-26,106.5999984741211,5.33,-0.16
2023-10-27,106.55999755859376,5.33,-0.15
2023-10-30,106.12000274658205,5.33,-0.15
2023-10-31,106.66000366210938,5.33,-0.19
2023-11-01,106.87999725341795,5.33,-0.18
2023-11-02,106.12000274658205,5.33,-0.31
2023-11-03,105.0199966430664,5.33,-0.26
2023-11-06,105.22000122070312,5.33,-0.26
2023-11-07,105.54000091552734,5.33,-0.33
2023-11-08,105.58999633789062,5.33,-0.44
2023-11-09,105.91000366210938,5.33,-0.41
2023-11-10,105.86000061035156,5.33,-0.43
2023-11-13,105.66000366210938,5.33,-0.39
2023-11-14,104.11000061035156,5.33,-0.36
2023-11-15,104.38999938964844,5.33,-0.37
2023-11-16,104.37000274658205,5.33,-0.38
2023-11-17,103.81999969482422,5.33,-0.44
2023-11-20,103.47000122070312,5.33,-0.47
2023-11-21,103.56999969482422,5.33,-0.45
2023-11-22,103.91999816894533,5.33,-0.47
2023-11-24,103.4000015258789,5.33,-0.45
2023-11-27,103.1999969482422,5.33,-0.45
2023-11-28,102.75,5.33,-0.39
2023-11-29,102.7699966430664,5.33,-0.37
2023-11-30,103.5,5.33,-0.36
2023-12-01,103.2699966430664,5.33,-0.34
2023-12-04,103.63999938964844,5.33,-0.36
2023-12-05,104.0500030517578,5.33,-0.39
2023-12-06,104.1500015258789,5.33,-0.48
2023-12-07,103.54000091552734,5.33,-0.44
2023-12-08,104.01000213623048,5.33,-0.48
2023-12-11,104.0999984741211,5.33,-0.48
2023-12-12,103.87000274658205,5.33,-0.53
2023-12-13,102.87000274658205,5.33,-0.42
2023-12-14,101.95999908447266,5.33,-0.45
2023-12-15,102.5500030517578,5.33,-0.53
2023-12-18,102.51000213623048,5.33,-0.48
2023-12-19,102.16999816894533,5.33,-0.48
2023-12-20,102.41000366210938,5.33,-0.48
2023-12-21,101.83999633789062,5.33,-0.44
2023-12-22,101.6999969482422,5.33,-0.41
2023-12-26,101.47000122070312,5.33,-0.37
2023-12-27,100.98999786376952,5.33,-0.41
2023-12-28,101.2300033569336,5.33,-0.42
2023-12-29,101.33000183105467,5.33,-0.35
2024-01-02,102.1999969482422,5.33,-0.38
2024-01-03,102.45999908447266,5.33,-0.42
2024-01-04,102.41999816894533,5.33,-0.39
2024-01-05,102.41000366210938,5.33,-0.35
2024-01-08,102.20999908447266,5.33,-0.35
2024-01-09,102.56999969482422,5.33,-0.34
2024-01-10,102.36000061035156,5.33,-0.33
2024-01-11,102.29000091552734,5.33,-0.28
2024-01-12,102.4000015258789,5.33,-0.18
2024-01-16,103.36000061035156,5.33,-0.15
2024-01-17,103.4499969482422,5.33,-0.24
2024-01-18,103.54000091552734,5.33,-0.2
2024-01-19,103.29000091552734,5.33,-0.24
2024-01-22,103.33000183105467,5.33,-0.26
2024-01-23,103.62000274658205,5.33,-0.17
2024-01-24,103.23999786376952,5.33,-0.16
2024-01-25,103.56999969482422,5.33,-0.14
2024-01-26,103.47000122070312,5.33,-0.19
2024-01-29,103.61000061035156,5.33,-0.21
2024-01-30,103.4000015258789,5.33,-0.3
2024-01-31,103.2699966430664,5.33,-0.28
2024-02-01,103.0500030517578,5.33,-0.33
2024-02-02,103.91999816894533,5.33,-0.33
2024-02-05,104.4499969482422,5.33,-0.29
2024-02-06,104.18000030517578,5.33,-0.3
2024-02-07,104.04000091552734,5.33,-0.32
2024-02-08,104.1500015258789,5.33,-0.31
2024-02-09,104.08000183105467,5.33,-0.31
2024-02-12,104.16999816894533,5.33,-0.29
2024-02-13,104.95999908447266,5.33,-0.33
2024-02-14,104.72000122070312,5.33,-0.29
2024-02-15,104.3000030517578,5.33,-0.32
2024-02-16,104.3000030517578,5.33,-0.34
2024-02-20,104.08000183105467,5.33,-0.32
2024-02-21,104.01000213623048,5.33,-0.32
2024-02-22,103.95999908447266,5.33,-0.36
2024-02-23,103.94000244140624,5.33,-0.41
2024-02-26,103.83000183105467,5.33,-0.41
2024-02-27,103.83000183105467,5.33,-0.39
2024-02-28,103.9800033569336,5.33,-0.37
2024-02-29,104.16000366210938,5.33,-0.39
2024-03-01,103.86000061035156,5.33,-0.35
2024-03-04,103.83000183105467,5.33,-0.39
2024-03-05,103.8000030517578,5.33,-0.41
2024-03-06,103.37000274658205,5.33,-0.44
2024-03-07,102.81999969482422,5.33,-0.41
2024-03-08,102.73999786376952,5.33,-0.39
2024-03-11,102.87000274658205,5.33,-0.41
2024-03-12,102.95999908447266,5.33,-0.42
2024-03-13,102.79000091552734,5.33,-0.42
2024-03-14,103.36000061035156,5.33,-0.39
2024-03-15,103.43000030517578,5.33,-0.41
2024-03-18,103.58000183105467,5.33,-0.39
2024-03-19,103.80999755859376,5.33,-0.38
2024-03-20,103.41000366210938,5.33,-0.32
2024-03-21,104.0,5.33,-0.35
2024-03-22,104.43000030517578,5.33,-0.37
2024-03-25,104.2300033569336,5.33,-0.29
2024-03-26,104.29000091552734,5.33,-0.32
2024-03-27,104.3499984741211,5.33,-0.34
2024-03-28,104.5500030517578,5.33,-0.39
2024-04-01,105.0199966430664,5.33,-0.39
2024-04-02,104.81999969482422,5.33,-0.34
2024-04-03,104.25,5.33,-0.32
2024-04-04,104.12000274658205,5.33,-0.34
2024-04-05,104.3000030517578,5.33,-0.34
2024-04-08,104.13999938964844,5.33,-0.36
2024-04-09,104.1500015258789,5.33,-0.38
2024-04-10,105.25,5.33,-0.42
2024-04-11,105.27999877929688,5.33,-0.37
2024-04-12,106.04000091552734,5.33,-0.38
2024-04-15,106.20999908447266,5.33,-0.3
2024-04-16,106.26000213623048,5.33,-0.3
2024-04-17,105.9499969482422,5.33,-0.34
2024-04-18,106.1500015258789,5.33,-0.34
2024-04-19,106.1500015258789,5.33,-0.35
2024-04-22,106.08000183105467,5.33,-0.35
2024-04-23,105.69000244140624,5.33,-0.25
2024-04-24,105.86000061035156,5.33,-0.24
2024-04-25,105.5999984741211,5.33,-0.26
2024-04-26,105.94000244140624,5.33,-0.29
2024-04-29,105.58000183105467,5.33,-0.34
2024-04-30,106.22000122070312,5.33,-0.35
2024-05-01,105.76000213623048,5.33,-0.33
2024-05-02,105.3000030517578,5.33,-0.29
2024-05-03,105.02999877929688,5.33,-0.31
2024-05-06,105.0500030517578,5.33,-0.33
2024-05-07,105.41000366210938,5.33,-0.35
2024-05-08,105.5500030517578,5.33,-0.36
2024-05-09,105.2300033569336,5.33,-0.35
2024-05-10,105.30999755859376,5.33,-0.37
2024-05-13,105.22000122070312,5.33,-0.37
2024-05-14,105.01000213623048,5.33,-0.36
2024-05-15,104.3499984741211,5.33,-0.37
2024-05-16,104.45999908447266,5.33,-0.4
2024-05-17,104.4499969482422,5.33,-0.41
2024-05-20,104.56999969482422,5.33,-0.38
2024-05-21,104.66000366210938,5.33,-0.41
2024-05-22,104.94000244140624,5.33,-0.43
2024-05-23,105.11000061035156,5.33,-0.44
2024-05-24,104.72000122070312,5.33,-0.47
2024-05-28,104.61000061035156,5.33,-0.4
2024-05-29,105.0999984741211,5.33,-0.35
2024-05-30,104.72000122070312,5.33,-0.37
2024-05-31,104.66999816894533,5.33,-0.38
2024-06-03,104.13999938964844,5.33,-0.41
2024-06-04,104.11000061035156,5.33,-0.44
2024-06-05,104.2699966430664,5.33,-0.43
2024-06-06,104.0999984741211,5.33,-0.44
2024-06-07,104.88999938964844,5.33,-0.44
2024-06-10,105.1500015258789,5.33,-0.4
2024-06-11,105.2300033569336,5.33,-0.42
2024-06-12,104.6500015258789,5.33,-0.44
2024-06-13,105.1999969482422,5.33,-0.44
2024-06-14,105.5500030517578,5.33,-0.47
2024-06-17,105.31999969482422,5.33,-0.47
2024-06-18,105.26000213623048,5.33,-0.47
2024-06-20,105.58999633789062,5.33,-0.45
2024-06-21,105.8000030517578,5.33,-0.45
2024-06-24,105.47000122070312,5.33,-0.46
2024-06-25,105.61000061035156,5.33,-0.42
2024-06-26,106.0500030517578,5.33,-0.39
2024-06-27,105.91000366210938,5.33,-0.41
